{
  "results": [
    {
      "command": "bench/decode.sh zstd-19 'bench/results/zstd-19/vendor-a9b8c7d.js.enc'",
      "mean": 0.014124110185,
      "stddev": 0.0006549974065274587,
      "median": 0.01390548506,
      "user": 0.004315039999999999,
      "system": 0.003925824999999999,
      "min": 0.01372225556,
      "max": 0.015672464560000002,
      "times": [
        0.01432588156,
        0.013738131560000002,
        0.013962380560000001,
        0.013885172559999999,
        0.015672464560000002,
        0.01372225556,
        0.01376079756,
        0.013925797560000001
      ],
      "memory_usage_byte": [
        7012352,
        7012352,
        7061504,
        7061504,
        7061504,
        7061504,
        7061504,
        7061504
      ],
      "exit_codes": [
        0,
        0,
        0,
        0,
        0,
        0,
        0,
        0
      ]
    }
  ]
}
