{
  "results": [
    {
      "command": "bench/decode.sh zstd-19 'bench/results/zstd-19/vendor-a9b8c7e.js.enc'",
      "mean": 0.011832879715000003,
      "stddev": 0.0003319377281526233,
      "median": 0.011741348340000003,
      "user": 0.00452769,
      "system": 0.0037968049999999995,
      "min": 0.011538806340000004,
      "max": 0.012546557340000002,
      "times": [
        0.012546557340000002,
        0.011873098340000004,
        0.011747223340000003,
        0.011538806340000004,
        0.011569890340000001,
        0.011735473340000002,
        0.012035473340000004,
        0.011616515340000003
      ],
      "memory_usage_byte": [
        7012352,
        7012352,
        7012352,
        7012352,
        7028736,
        7028736,
        7028736,
        7028736
      ],
      "exit_codes": [
        0,
        0,
        0,
        0,
        0,
        0,
        0,
        0
      ]
    }
  ]
}
