{
  "results": [
    {
      "command": "bench/decode.sh zstd-19 'bench/results/zstd-19/app-3e4f5a6.js.enc'",
      "mean": 0.013948067304999999,
      "stddev": 0.0012569341258878897,
      "median": 0.01408516118,
      "user": 0.00416328,
      "system": 0.0037148549999999995,
      "min": 0.01163295218,
      "max": 0.015462327179999999,
      "times": [
        0.01448753618,
        0.015462327179999999,
        0.013751286179999999,
        0.01163295218,
        0.01328053618,
        0.013227828180000002,
        0.01441903618,
        0.01532303618
      ],
      "memory_usage_byte": [
        7012352,
        7012352,
        7012352,
        7012352,
        7012352,
        7012352,
        7012352,
        7012352
      ],
      "exit_codes": [
        0,
        0,
        0,
        0,
        0,
        0,
        0,
        0
      ]
    }
  ]
}
