{
  "results": [
    {
      "command": "bench/decode.sh zstd-19 'bench/results/zstd-19/logo.svg.enc'",
      "mean": 0.014730094500000002,
      "stddev": 0.001379327286429356,
      "median": 0.014418485000000002,
      "user": 0.004415705,
      "system": 0.00425861,
      "min": 0.013186672500000001,
      "max": 0.016712464500000003,
      "times": [
        0.013476089500000002,
        0.013721297500000002,
        0.013186672500000001,
        0.0165307975,
        0.016712464500000003,
        0.013888797500000003,
        0.0149481725,
        0.015376464500000001
      ],
      "memory_usage_byte": [
        7028736,
        7028736,
        7028736,
        7028736,
        7028736,
        7028736,
        7028736,
        7028736
      ],
      "exit_codes": [
        0,
        0,
        0,
        0,
        0,
        0,
        0,
        0
      ]
    }
  ]
}
