{
  "results": [
    {
      "command": "bench/decode.sh zstd-19 'bench/results/zstd-19/main-7f8a3c2.css.enc'",
      "mean": 0.012749747055,
      "stddev": 0.0007438539913415107,
      "median": 0.01288534068,
      "user": 0.004126275,
      "system": 0.0037612949999999996,
      "min": 0.01122488218,
      "max": 0.013709549179999999,
      "times": [
        0.01316629918,
        0.012724465179999998,
        0.01122488218,
        0.01241938318,
        0.013709549179999999,
        0.01304621618,
        0.013195674179999999,
        0.012511507179999999
      ],
      "memory_usage_byte": [
        7012352,
        7012352,
        7012352,
        7012352,
        7012352,
        7012352,
        7012352,
        7012352
      ],
      "exit_codes": [
        0,
        0,
        0,
        0,
        0,
        0,
        0,
        0
      ]
    }
  ]
}
