{
  "results": [
    {
      "command": "bench/encode.sh zstd-19 'bench/corpus/assets/app-3e4f5a6.js' 'bench/results/zstd-19/app-3e4f5a6.js.enc'",
      "mean": 0.037306138744999995,
      "stddev": 0.003774726805388227,
      "median": 0.03675403962,
      "user": 0.025228225,
      "system": 0.0048043899999999995,
      "min": 0.03282328962,
      "max": 0.04595258162,
      "times": [
        0.035464622620000004,
        0.036623122620000004,
        0.03688495662,
        0.03691079062,
        0.04595258162,
        0.03282328962,
        0.03647453962,
        0.03731520662
      ],
      "memory_usage_byte": [
        7045120,
        7045120,
        7045120,
        7045120,
        7045120,
        7045120,
        7045120,
        7045120
      ],
      "exit_codes": [
        0,
        0,
        0,
        0,
        0,
        0,
        0,
        0
      ]
    }
  ]
}
