{
  "results": [
    {
      "command": "bench/encode.sh zstd-19 'bench/corpus/assets/vendor-a9b8c7d.js' 'bench/results/zstd-19/vendor-a9b8c7d.js.enc'",
      "mean": 0.072130724805,
      "stddev": 0.0016598013856424793,
      "median": 0.07207816768,
      "user": 0.06160391999999999,
      "system": 0.004662805000000001,
      "min": 0.07025343768,
      "max": 0.07412522968,
      "times": [
        0.07323523068,
        0.07385156368,
        0.07025343768,
        0.07043589668,
        0.07092110468,
        0.07083402168,
        0.07338931368,
        0.07412522968
      ],
      "memory_usage_byte": [
        7585792,
        7585792,
        7585792,
        7585792,
        7585792,
        7585792,
        7585792,
        7585792
      ],
      "exit_codes": [
        0,
        0,
        0,
        0,
        0,
        0,
        0,
        0
      ]
    }
  ]
}
