{
  "results": [
    {
      "command": "bench/encode.sh zstd-19 'bench/corpus/assets/about.html' 'bench/results/zstd-19/about.html.enc'",
      "mean": 0.017919012204999998,
      "stddev": 0.0006965521580406781,
      "median": 0.01791366858,
      "user": 0.009994544999999999,
      "system": 0.0040652449999999994,
      "min": 0.017156501580000004,
      "max": 0.019305418580000004,
      "times": [
        0.019305418580000004,
        0.01787654358,
        0.018272709580000004,
        0.01795079358,
        0.01811383558,
        0.017156501580000004,
        0.017176793580000002,
        0.01749950158
      ],
      "memory_usage_byte": [
        6995968,
        6995968,
        7012352,
        7028736,
        7028736,
        7028736,
        7028736,
        7028736
      ],
      "exit_codes": [
        0,
        0,
        0,
        0,
        0,
        0,
        0,
        0
      ]
    }
  ]
}
