{
  "results": [
    {
      "command": "bench/encode.sh zstd-19 'bench/corpus/assets/logo.svg' 'bench/results/zstd-19/logo.svg.enc'",
      "mean": 0.017350559860000003,
      "stddev": 0.0012208837510994117,
      "median": 0.017257559860000004,
      "user": 0.006515234999999999,
      "system": 0.004659725,
      "min": 0.015578934360000005,
      "max": 0.019780143360000002,
      "times": [
        0.016435601360000003,
        0.016995393360000003,
        0.017910976360000004,
        0.019780143360000002,
        0.017114059360000003,
        0.017401060360000005,
        0.017588310360000005,
        0.015578934360000005
      ],
      "memory_usage_byte": [
        7012352,
        7012352,
        7012352,
        7012352,
        7012352,
        7028736,
        7028736,
        7028736
      ],
      "exit_codes": [
        0,
        0,
        0,
        0,
        0,
        0,
        0,
        0
      ]
    }
  ]
}
