{
  "results": [
    {
      "command": "bench/encode.sh zstd-19 'bench/corpus/assets/vendor-a9b8c7e.js' 'bench/results/zstd-19/vendor-a9b8c7e.js.enc'",
      "mean": 0.07412301211,
      "stddev": 0.0010766887311258343,
      "median": 0.07443131436,
      "user": 0.06431920499999999,
      "system": 0.004338105000000001,
      "min": 0.07258787636,
      "max": 0.07537737736,
      "times": [
        0.07525679336,
        0.07449787736,
        0.07436475136000001,
        0.07470016836,
        0.07537737736,
        0.07346879336,
        0.07258787636,
        0.07273045936
      ],
      "memory_usage_byte": [
        7585792,
        7585792,
        7585792,
        7585792,
        7585792,
        7585792,
        7585792,
        7585792
      ],
      "exit_codes": [
        0,
        0,
        0,
        0,
        0,
        0,
        0,
        0
      ]
    }
  ]
}
