{
  "results": [
    {
      "command": "bench/decode.sh brotli-5 'bench/results/brotli-5/app-3e4f5a7.js.enc'",
      "mean": 0.01360345905,
      "stddev": 0.0010540257679772015,
      "median": 0.0136761728,
      "user": 0.003956405,
      "system": 0.004234705,
      "min": 0.012123402299999999,
      "max": 0.0148025263,
      "times": [
        0.012123402299999999,
        0.0144336513,
        0.013081735300000001,
        0.0135550683,
        0.0148025263,
        0.012265568299999998,
        0.0137972773,
        0.0147684433
      ],
      "memory_usage_byte": [
        7028736,
        7028736,
        7028736,
        7028736,
        7028736,
        7028736,
        7028736,
        7028736
      ],
      "exit_codes": [
        0,
        0,
        0,
        0,
        0,
        0,
        0,
        0
      ]
    }
  ]
}
