{
  "results": [
    {
      "command": "bench/decode.sh brotli-5 'bench/results/brotli-5/vendor-a9b8c7d.js.enc'",
      "mean": 0.014743562665000001,
      "stddev": 0.0009103538604956932,
      "median": 0.014687557540000002,
      "user": 0.004112535,
      "system": 0.0035910700000000005,
      "min": 0.01367609904,
      "max": 0.016363349040000003,
      "times": [
        0.01373380804,
        0.01367609904,
        0.014624433040000002,
        0.01417222404,
        0.016363349040000003,
        0.015430266040000001,
        0.015197640040000002,
        0.014750682040000001
      ],
      "memory_usage_byte": [
        7028736,
        7028736,
        7028736,
        7028736,
        7028736,
        7028736,
        7028736,
        7028736
      ],
      "exit_codes": [
        0,
        0,
        0,
        0,
        0,
        0,
        0,
        0
      ]
    }
  ]
}
