{
  "results": [
    {
      "command": "bench/decode.sh brotli-5 'bench/results/brotli-5/logo.svg.enc'",
      "mean": 0.013026624530000003,
      "stddev": 0.0015881546667322294,
      "median": 0.012710509780000002,
      "user": 0.0038802000000000003,
      "system": 0.0035736649999999997,
      "min": 0.011170155780000003,
      "max": 0.016506280780000004,
      "times": [
        0.012793405780000003,
        0.012698363780000003,
        0.012722655780000001,
        0.016506280780000004,
        0.011170155780000003,
        0.011978822780000002,
        0.012577238780000003,
        0.013766072780000003
      ],
      "memory_usage_byte": [
        7012352,
        7012352,
        7028736,
        7028736,
        7028736,
        7028736,
        7028736,
        7028736
      ],
      "exit_codes": [
        0,
        0,
        0,
        0,
        0,
        0,
        0,
        0
      ]
    }
  ]
}
