{
  "results": [
    {
      "command": "bench/decode.sh brotli-5 'bench/results/brotli-5/app-3e4f5a6.js.enc'",
      "mean": 0.014170275664999999,
      "stddev": 0.0008729314206096338,
      "median": 0.01411937954,
      "user": 0.003887345,
      "system": 0.0035527149999999993,
      "min": 0.012394733539999998,
      "max": 0.015267234539999997,
      "times": [
        0.012394733539999998,
        0.014935525539999998,
        0.014677483539999998,
        0.013867442539999997,
        0.013981026539999997,
        0.01415560854,
        0.015267234539999997,
        0.014083150539999999
      ],
      "memory_usage_byte": [
        6979584,
        6979584,
        6995968,
        6995968,
        6995968,
        7012352,
        7028736,
        7028736
      ],
      "exit_codes": [
        0,
        0,
        0,
        0,
        0,
        0,
        0,
        0
      ]
    }
  ]
}
