{
  "results": [
    {
      "command": "bench/decode.sh brotli-5 'bench/results/brotli-5/vendor-a9b8c7e.js.enc'",
      "mean": 0.015993094890000004,
      "stddev": 0.0010068576043398942,
      "median": 0.016082079640000004,
      "user": 0.0047637949999999995,
      "system": 0.0046500249999999995,
      "min": 0.014726266640000003,
      "max": 0.017973391640000003,
      "times": [
        0.014726266640000003,
        0.015071807640000004,
        0.015324433640000003,
        0.016035308640000003,
        0.016128850640000005,
        0.017973391640000003,
        0.01641255864,
        0.016272141640000005
      ],
      "memory_usage_byte": [
        6995968,
        6995968,
        6995968,
        6995968,
        6995968,
        6995968,
        6995968,
        6995968
      ],
      "exit_codes": [
        0,
        0,
        0,
        0,
        0,
        0,
        0,
        0
      ]
    }
  ]
}
