{
  "results": [
    {
      "command": "bench/encode.sh brotli-5 'bench/corpus/assets/index.html' 'bench/results/brotli-5/index.html.enc'",
      "mean": 0.014189322314999999,
      "stddev": 0.0017885682152962417,
      "median": 0.013923342940000001,
      "user": 0.004300555000000001,
      "system": 0.0041156050000000005,
      "min": 0.012094634940000001,
      "max": 0.017719134940000002,
      "times": [
        0.012094634940000001,
        0.013286717940000001,
        0.01567271794,
        0.017719134940000002,
        0.014143592940000001,
        0.01267571894,
        0.01421896794,
        0.013703092940000001
      ],
      "memory_usage_byte": [
        7012352,
        7012352,
        7012352,
        7012352,
        7012352,
        7012352,
        7012352,
        7012352
      ],
      "exit_codes": [
        0,
        0,
        0,
        0,
        0,
        0,
        0,
        0
      ]
    }
  ]
}
