{
  "results": [
    {
      "command": "bench/encode.sh brotli-5 'bench/corpus/assets/main-7f8a3c3.css' 'bench/results/brotli-5/main-7f8a3c3.css.enc'",
      "mean": 0.018460736165000005,
      "stddev": 0.002789290579359098,
      "median": 0.017632579540000005,
      "user": 0.005058735,
      "system": 0.005204485,
      "min": 0.016248183540000002,
      "max": 0.025025601540000005,
      "times": [
        0.016886892540000004,
        0.018460809540000005,
        0.018726475540000006,
        0.017072767540000006,
        0.016248183540000002,
        0.017074725540000005,
        0.018190433540000005,
        0.025025601540000005
      ],
      "memory_usage_byte": [
        7012352,
        7012352,
        7012352,
        7012352,
        7012352,
        7012352,
        7012352,
        7012352
      ],
      "exit_codes": [
        0,
        0,
        0,
        0,
        0,
        0,
        0,
        0
      ]
    }
  ]
}
