{
  "results": [
    {
      "command": "bench/encode.sh brotli-5 'bench/corpus/assets/main-7f8a3c2.css' 'bench/results/brotli-5/main-7f8a3c2.css.enc'",
      "mean": 0.014974906065000002,
      "stddev": 0.0018955533996615375,
      "median": 0.014686541439999999,
      "user": 0.0048124199999999995,
      "system": 0.004570804999999999,
      "min": 0.012627624939999998,
      "max": 0.01823491594,
      "times": [
        0.012627624939999998,
        0.01352024994,
        0.01654429194,
        0.013424332939999999,
        0.01823491594,
        0.015258916939999999,
        0.01607474994,
        0.01411416594
      ],
      "memory_usage_byte": [
        7028736,
        7028736,
        7028736,
        7028736,
        7028736,
        7028736,
        7028736,
        7028736
      ],
      "exit_codes": [
        0,
        0,
        0,
        0,
        0,
        0,
        0,
        0
      ]
    }
  ]
}
