{
  "results": [
    {
      "command": "bench/encode.sh brotli-5 'bench/corpus/assets/logo.svg' 'bench/results/brotli-5/logo.svg.enc'",
      "mean": 0.01250352854,
      "stddev": 0.0013927232903877822,
      "median": 0.01246248154,
      "user": 0.004072879999999999,
      "system": 0.0036352549999999996,
      "min": 0.010758231540000001,
      "max": 0.01514639854,
      "times": [
        0.01338348154,
        0.012902106540000001,
        0.012902231540000001,
        0.011331898540000001,
        0.01158102354,
        0.01202285654,
        0.010758231540000001,
        0.01514639854
      ],
      "memory_usage_byte": [
        6979584,
        7028736,
        7028736,
        7028736,
        7028736,
        7028736,
        7028736,
        7028736
      ],
      "exit_codes": [
        0,
        0,
        0,
        0,
        0,
        0,
        0,
        0
      ]
    }
  ]
}
