{
  "results": [
    {
      "command": "bench/encode.sh brotli-5 'bench/corpus/assets/about.html' 'bench/results/brotli-5/about.html.enc'",
      "mean": 0.014214536000000002,
      "stddev": 0.0016684807447301102,
      "median": 0.013536093000000003,
      "user": 0.0042394,
      "system": 0.0038913299999999997,
      "min": 0.012726635000000004,
      "max": 0.016643344000000004,
      "times": [
        0.014151760000000003,
        0.016643344000000004,
        0.016499302000000004,
        0.012726635000000004,
        0.012821968000000003,
        0.015076968000000003,
        0.012920426000000002,
        0.012875885000000004
      ],
      "memory_usage_byte": [
        7012352,
        7012352,
        7012352,
        7012352,
        7012352,
        7012352,
        7012352,
        7012352
      ],
      "exit_codes": [
        0,
        0,
        0,
        0,
        0,
        0,
        0,
        0
      ]
    }
  ]
}
