{
  "results": [
    {
      "command": "bench/encode.sh brotli-5 'bench/corpus/assets/app-3e4f5a6.js' 'bench/results/brotli-5/app-3e4f5a6.js.enc'",
      "mean": 0.014552741770000002,
      "stddev": 0.0006419105578829835,
      "median": 0.014532804520000001,
      "user": 0.004951115,
      "system": 0.0038272199999999997,
      "min": 0.01378649202,
      "max": 0.015463658020000002,
      "times": [
        0.015227616020000003,
        0.013898783020000001,
        0.014035409020000002,
        0.014817867020000002,
        0.01378649202,
        0.01494436702,
        0.01424774202,
        0.015463658020000002
      ],
      "memory_usage_byte": [
        7012352,
        7028736,
        7028736,
        7028736,
        7028736,
        7028736,
        7028736,
        7028736
      ],
      "exit_codes": [
        0,
        0,
        0,
        0,
        0,
        0,
        0,
        0
      ]
    }
  ]
}
