{
  "results": [
    {
      "command": "bench/decode.sh brotli-11 'bench/results/brotli-11/app-3e4f5a6.js.enc'",
      "mean": 0.014082483849999999,
      "stddev": 0.0012557029922529734,
      "median": 0.0140326401,
      "user": 0.0040005,
      "system": 0.0038334099999999998,
      "min": 0.0123938066,
      "max": 0.015787223599999997,
      "times": [
        0.013342264599999999,
        0.0157665986,
        0.0138938486,
        0.014171431600000001,
        0.0123938066,
        0.015787223599999997,
        0.0127915156,
        0.0145131816
      ],
      "memory_usage_byte": [
        7012352,
        7012352,
        7012352,
        7012352,
        7012352,
        7012352,
        7012352,
        7012352
      ],
      "exit_codes": [
        0,
        0,
        0,
        0,
        0,
        0,
        0,
        0
      ]
    }
  ]
}
