{
  "results": [
    {
      "command": "bench/decode.sh brotli-11 'bench/results/brotli-11/main-7f8a3c3.css.enc'",
      "mean": 0.0134730752,
      "stddev": 0.0012479867770976466,
      "median": 0.0136051897,
      "user": 0.0041940449999999995,
      "system": 0.004075819999999999,
      "min": 0.0120893562,
      "max": 0.0157187732,
      "times": [
        0.0138252732,
        0.0157187732,
        0.0122028152,
        0.0120893562,
        0.0141927732,
        0.013385106200000002,
        0.0140557312,
        0.012314773200000002
      ],
      "memory_usage_byte": [
        6995968,
        7012352,
        7012352,
        7012352,
        7012352,
        7012352,
        7012352,
        7012352
      ],
      "exit_codes": [
        0,
        0,
        0,
        0,
        0,
        0,
        0,
        0
      ]
    }
  ]
}
