{
  "results": [
    {
      "command": "bench/decode.sh brotli-11 'bench/results/brotli-11/logo.svg.enc'",
      "mean": 0.012196462540000001,
      "stddev": 0.0006770099714631765,
      "median": 0.01241783804,
      "user": 0.00440756,
      "system": 0.003921689999999999,
      "min": 0.01106394104,
      "max": 0.01286860904,
      "times": [
        0.012787858039999999,
        0.01286860904,
        0.012549775039999999,
        0.012397067040000001,
        0.012218108040000002,
        0.01124773304,
        0.01106394104,
        0.01243860904
      ],
      "memory_usage_byte": [
        7012352,
        7012352,
        7012352,
        7012352,
        7012352,
        7012352,
        7012352,
        7012352
      ],
      "exit_codes": [
        0,
        0,
        0,
        0,
        0,
        0,
        0,
        0
      ]
    }
  ]
}
