{
  "results": [
    {
      "command": "bench/encode.sh brotli-11 'bench/corpus/assets/main-7f8a3c2.css' 'bench/results/brotli-11/main-7f8a3c2.css.enc'",
      "mean": 0.038350323335,
      "stddev": 0.0025338945409779192,
      "median": 0.03775256296,
      "user": 0.02873708,
      "system": 0.004489969999999999,
      "min": 0.03531677096,
      "max": 0.04247381296,
      "times": [
        0.03745422996,
        0.03531677096,
        0.03678618796,
        0.03805089596,
        0.03590089596,
        0.04247381296,
        0.04108672996,
        0.03973306296
      ],
      "memory_usage_byte": [
        7012352,
        7028736,
        7028736,
        7028736,
        7028736,
        7028736,
        7028736,
        7045120
      ],
      "exit_codes": [
        0,
        0,
        0,
        0,
        0,
        0,
        0,
        0
      ]
    }
  ]
}
