{
  "results": [
    {
      "command": "bench/encode.sh brotli-11 'bench/corpus/assets/index.html' 'bench/results/brotli-11/index.html.enc'",
      "mean": 0.02916163938,
      "stddev": 0.0017285313222709373,
      "median": 0.02865355538,
      "user": 0.018571115,
      "system": 0.0045007599999999995,
      "min": 0.027459638879999998,
      "max": 0.03267722288,
      "times": [
        0.03267722288,
        0.03047238988,
        0.028355222880000003,
        0.027540639880000002,
        0.027459638879999998,
        0.02880251388,
        0.028504596880000004,
        0.02948088988
      ],
      "memory_usage_byte": [
        6995968,
        6995968,
        6995968,
        6995968,
        6995968,
        7012352,
        7012352,
        7012352
      ],
      "exit_codes": [
        0,
        0,
        0,
        0,
        0,
        0,
        0,
        0
      ]
    }
  ]
}
