{
  "results": [
    {
      "command": "bench/encode.sh brotli-11 'bench/corpus/assets/logo.svg' 'bench/results/brotli-11/logo.svg.enc'",
      "mean": 0.023157056305000003,
      "stddev": 0.0004872386480204937,
      "median": 0.023225780180000002,
      "user": 0.015522249999999996,
      "system": 0.004243615,
      "min": 0.022256196680000003,
      "max": 0.02371886368,
      "times": [
        0.023182446680000003,
        0.022719030680000002,
        0.02371886368,
        0.023269113680000002,
        0.022256196680000003,
        0.023101946680000002,
        0.02329803068,
        0.02371082168
      ],
      "memory_usage_byte": [
        7045120,
        7045120,
        7045120,
        7045120,
        7045120,
        7045120,
        7045120,
        7045120
      ],
      "exit_codes": [
        0,
        0,
        0,
        0,
        0,
        0,
        0,
        0
      ]
    }
  ]
}
