{
  "catalog-full.json": {
    "wire_bytes": 45028,
    "wire_bytes_p95": 45028,
    "raw_bytes": 189168,
    "encode_cpu_ms_p50": 7.653520500000001,
    "encode_cpu_ms_p95": 8.108529500000001,
    "encode_cpu_ms_p99": 8.27960861,
    "decode_cpu_ms_p50": 6.3434585000000006,
    "decode_cpu_ms_p95": 7.2197609,
    "decode_cpu_ms_p99": 7.26229218,
    "raw_sha256": "535077f9761da48a021a579ce4a9da4348329803215e9cbe0308732832e944d5",
    "n_runs": 30
  },
  "error-404.json": {
    "wire_bytes": 64,
    "wire_bytes_p95": 64,
    "raw_bytes": 65,
    "encode_cpu_ms_p50": 6.1034585,
    "encode_cpu_ms_p95": 6.6296703500000005,
    "encode_cpu_ms_p99": 6.65124032,
    "decode_cpu_ms_p50": 5.887396000000001,
    "decode_cpu_ms_p95": 6.352654350000001,
    "decode_cpu_ms_p99": 6.702203610000001,
    "raw_sha256": "ec61473571781ebc05122c7e0880387dcf8920c3a98fb2afb230b7626fffd9d9",
    "n_runs": 30
  },
  "notifications.json": {
    "wire_bytes": 8927,
    "wire_bytes_p95": 8927,
    "raw_bytes": 38234,
    "encode_cpu_ms_p50": 6.445854,
    "encode_cpu_ms_p95": 7.5164455,
    "encode_cpu_ms_p99": 7.593303,
    "decode_cpu_ms_p50": 6.215291499999999,
    "decode_cpu_ms_p95": 6.92109535,
    "decode_cpu_ms_p99": 7.221864249999999,
    "raw_sha256": "fc1fa8ccb631e32a75838bb4cd2f8745526f7dc4aebad7ac729275a9dcd5b0d9",
    "n_runs": 30
  },
  "order-history.json": {
    "wire_bytes": 8301,
    "wire_bytes_p95": 8301,
    "raw_bytes": 42784,
    "encode_cpu_ms_p50": 7.33875,
    "encode_cpu_ms_p95": 7.7342795,
    "encode_cpu_ms_p99": 7.814877,
    "decode_cpu_ms_p50": 6.657333,
    "decode_cpu_ms_p95": 7.5895311,
    "decode_cpu_ms_p99": 11.535815000000005,
    "raw_sha256": "21873f917a7d41e1429c846108c0775e79c120d5f127def9274ca548694a8e62",
    "n_runs": 30
  },
  "products-list-v2.json": {
    "wire_bytes": 34825,
    "wire_bytes_p95": 34825,
    "raw_bytes": 139497,
    "encode_cpu_ms_p50": 7.366271,
    "encode_cpu_ms_p95": 8.4285538,
    "encode_cpu_ms_p99": 8.49766957,
    "decode_cpu_ms_p50": 6.5851875,
    "decode_cpu_ms_p95": 7.5045064,
    "decode_cpu_ms_p99": 7.6805723200000005,
    "raw_sha256": "b8922dceb67579e4c7171fce868a4dc5a7c8251c6fc292ea925ebb132b648f53",
    "n_runs": 30
  },
  "products-list.json": {
    "wire_bytes": 31604,
    "wire_bytes_p95": 31604,
    "raw_bytes": 126767,
    "encode_cpu_ms_p50": 7.7191244999999995,
    "encode_cpu_ms_p95": 8.36583095,
    "encode_cpu_ms_p99": 8.43348786,
    "decode_cpu_ms_p50": 7.029792,
    "decode_cpu_ms_p95": 7.5622545,
    "decode_cpu_ms_p99": 7.68136182,
    "raw_sha256": "396fdb32e673254abadd28e714d1e5dffbefa9d20558af5c0895b94505c92c0d",
    "n_runs": 30
  },
  "search-results-v2.json": {
    "wire_bytes": 7761,
    "wire_bytes_p95": 7761,
    "raw_bytes": 31626,
    "encode_cpu_ms_p50": 7.1895204999999995,
    "encode_cpu_ms_p95": 7.9883625,
    "encode_cpu_ms_p99": 8.77268161,
    "decode_cpu_ms_p50": 6.2809585000000006,
    "decode_cpu_ms_p95": 7.0124832999999995,
    "decode_cpu_ms_p99": 7.39215407,
    "raw_sha256": "c31ee92437a6ba7a50451b530b1376ac9fe5cbe2eae8f3d69787d3bff017e515",
    "n_runs": 30
  },
  "search-results.json": {
    "wire_bytes": 7625,
    "wire_bytes_p95": 7625,
    "raw_bytes": 31169,
    "encode_cpu_ms_p50": 7.1153125,
    "encode_cpu_ms_p95": 7.54685175,
    "encode_cpu_ms_p99": 7.78150282,
    "decode_cpu_ms_p50": 6.808813,
    "decode_cpu_ms_p95": 7.16746875,
    "decode_cpu_ms_p99": 7.2810926799999995,
    "raw_sha256": "4d54944e9e4ed716e95edb05f478f0a18991f240415f003abfb86a4aec1641af",
    "n_runs": 30
  },
  "user-profile.json": {
    "wire_bytes": 134,
    "wire_bytes_p95": 134,
    "raw_bytes": 278,
    "encode_cpu_ms_p50": 6.8953955,
    "encode_cpu_ms_p95": 7.2621622,
    "encode_cpu_ms_p99": 7.35764875,
    "decode_cpu_ms_p50": 5.857187,
    "decode_cpu_ms_p95": 6.86686425,
    "decode_cpu_ms_p99": 6.981545140000001,
    "raw_sha256": "9002ab8784b318eb8c9ba469bc306149b1ddd87ac1ec9fe4ee18bc0810f25243",
    "n_runs": 30
  }
}