{
  "about.html": {
    "raw_bytes": 19800,
    "wire_bytes": 3422,
    "wire_bytes_p95": 3422,
    "encode_cpu_ms_p50": 6.3385625,
    "encode_cpu_ms_p95": 6.95583925,
    "encode_cpu_ms_p99": 7.07391996,
    "decode_cpu_ms_p50": 5.733521,
    "decode_cpu_ms_p95": 7.07583355,
    "decode_cpu_ms_p99": 7.43669061,
    "raw_sha256": "e38972f3a21751f827dc62278c81b179375e91a2dcc6ef3831cf704c67900eae",
    "n_runs": 30
  },
  "app-3e4f5a6.js": {
    "raw_bytes": 81928,
    "wire_bytes": 19109,
    "wire_bytes_p95": 19109,
    "encode_cpu_ms_p50": 7.8862915000000005,
    "encode_cpu_ms_p95": 8.60962065,
    "encode_cpu_ms_p99": 9.394850680000001,
    "decode_cpu_ms_p50": 6.3460625,
    "decode_cpu_ms_p95": 7.3969125,
    "decode_cpu_ms_p99": 7.61902643,
    "raw_sha256": "c598b56b2608febeac09173063046f104d33c083b290fa6d6df6aba7fdc3c845",
    "n_runs": 30
  },
  "app-3e4f5a7.js": {
    "raw_bytes": 84041,
    "wire_bytes": 19439,
    "wire_bytes_p95": 19439,
    "encode_cpu_ms_p50": 7.853104,
    "encode_cpu_ms_p95": 12.3902064,
    "encode_cpu_ms_p99": 13.380954820000001,
    "decode_cpu_ms_p50": 6.13475,
    "decode_cpu_ms_p95": 8.549112500000001,
    "decode_cpu_ms_p99": 9.25255393,
    "raw_sha256": "ce0a5bc2d08e2640aeefee7dd764f76439b486024ed640e9dea4d1ef4af16cc5",
    "n_runs": 30
  },
  "index.html": {
    "raw_bytes": 16874,
    "wire_bytes": 2395,
    "wire_bytes_p95": 2395,
    "encode_cpu_ms_p50": 7.4666250000000005,
    "encode_cpu_ms_p95": 14.0980875,
    "encode_cpu_ms_p99": 17.813836070000004,
    "decode_cpu_ms_p50": 6.070625,
    "decode_cpu_ms_p95": 7.03406045,
    "decode_cpu_ms_p99": 7.33556361,
    "raw_sha256": "02a8ff04d427c02c8f4cd8edef66620a78d011c9102257f99e9c4ea527022a7c",
    "n_runs": 30
  },
  "logo.svg": {
    "raw_bytes": 12739,
    "wire_bytes": 3059,
    "wire_bytes_p95": 3059,
    "encode_cpu_ms_p50": 5.9772915,
    "encode_cpu_ms_p95": 6.82760975,
    "encode_cpu_ms_p99": 7.06740064,
    "decode_cpu_ms_p50": 5.829478999999999,
    "decode_cpu_ms_p95": 6.926910600000001,
    "decode_cpu_ms_p99": 7.547865750000001,
    "raw_sha256": "eff84f4a0444478d24ae99217861dc53d8f343428da6c507a4f1ad62efb00746",
    "n_runs": 30
  },
  "main-7f8a3c2.css": {
    "raw_bytes": 30739,
    "wire_bytes": 7675,
    "wire_bytes_p95": 7675,
    "encode_cpu_ms_p50": 7.0081875,
    "encode_cpu_ms_p95": 9.2333061,
    "encode_cpu_ms_p99": 11.010307320000003,
    "decode_cpu_ms_p50": 6.3917085,
    "decode_cpu_ms_p95": 8.5682561,
    "decode_cpu_ms_p99": 8.65310857,
    "raw_sha256": "c03a2070fcc9061e0e3d2e5cfce1b3665f8110a101f7af25090fd3beb964c3ac",
    "n_runs": 30
  },
  "main-7f8a3c3.css": {
    "raw_bytes": 31749,
    "wire_bytes": 8059,
    "wire_bytes_p95": 8059,
    "encode_cpu_ms_p50": 6.577896,
    "encode_cpu_ms_p95": 6.975397699999999,
    "encode_cpu_ms_p99": 7.07354707,
    "decode_cpu_ms_p50": 5.983333,
    "decode_cpu_ms_p95": 6.501742,
    "decode_cpu_ms_p99": 6.66386843,
    "raw_sha256": "525f5f26c9690b0deaf937b25cc9a6204cce774c5c583ea587619767e9accb65",
    "n_runs": 30
  },
  "vendor-a9b8c7d.js": {
    "raw_bytes": 256229,
    "wire_bytes": 58958,
    "wire_bytes_p95": 58958,
    "encode_cpu_ms_p50": 11.341270999999999,
    "encode_cpu_ms_p95": 12.11008095,
    "encode_cpu_ms_p99": 12.17227375,
    "decode_cpu_ms_p50": 6.7330000000000005,
    "decode_cpu_ms_p95": 9.6158212,
    "decode_cpu_ms_p99": 13.552775610000005,
    "raw_sha256": "da2e1490b46a4d7ecb5fa2d4bc800d2a8d26772181974a7ea0681b8bd092742b",
    "n_runs": 30
  },
  "vendor-a9b8c7e.js": {
    "raw_bytes": 261255,
    "wire_bytes": 60045,
    "wire_bytes_p95": 60045,
    "encode_cpu_ms_p50": 11.1086455,
    "encode_cpu_ms_p95": 13.47884155,
    "encode_cpu_ms_p99": 13.87170736,
    "decode_cpu_ms_p50": 7.2891665,
    "decode_cpu_ms_p95": 8.967035599999999,
    "decode_cpu_ms_p99": 10.775339680000002,
    "raw_sha256": "7a4248cc26ddb8c5e766d9654371ae8ca701bac211b3a60dc906054e6c2122ac",
    "n_runs": 30
  }
}