{
  "results": [
    {
      "command": "brotli -d -c bench/results/brotli-dict-11/raw/main-7f8a3c2.css.br > /dev/null",
      "mean": 0.003473341195,
      "stddev": 0.00031797554364961433,
      "median": 0.0034682473200000003,
      "user": 0.0008953350000000001,
      "system": 0.0012947049999999997,
      "min": 0.00295172732,
      "max": 0.00382972632,
      "times": [
        0.0035525183200000006,
        0.00314797632,
        0.0038213103199999992,
        0.0033827263200000004,
        0.00371676832,
        0.00338397632,
        0.00382972632,
        0.00295172732
      ],
      "memory_usage_byte": [
        2048000,
        2048000,
        2048000,
        2048000,
        2048000,
        2048000,
        2048000,
        2048000
      ],
      "exit_codes": [
        0,
        0,
        0,
        0,
        0,
        0,
        0,
        0
      ]
    }
  ]
}
