{
  "results": [
    {
      "command": "brotli -d -D bench/corpus/assets/main-7f8a3c2.css -c bench/results/brotli-dict-11/raw/main-7f8a3c3.css.br > /dev/null",
      "mean": 0.0055824310000000005,
      "stddev": 0.0007529747560742945,
      "median": 0.0057884885,
      "user": 0.0010537200000000002,
      "system": 0.0018266150000000004,
      "min": 0.004223529999999999,
      "max": 0.006356072,
      "times": [
        0.00633378,
        0.006356072,
        0.005355362999999999,
        0.004223529999999999,
        0.0057052380000000005,
        0.006018070999999999,
        0.004795655,
        0.005871739
      ],
      "memory_usage_byte": [
        2048000,
        2048000,
        2048000,
        2048000,
        2048000,
        2048000,
        2048000,
        2048000
      ],
      "exit_codes": [
        0,
        0,
        0,
        0,
        0,
        0,
        0,
        0
      ]
    }
  ]
}
