{
  "results": [
    {
      "command": "brotli -d -c bench/results/brotli-dict-11/raw/app-3e4f5a6.js.br > /dev/null",
      "mean": 0.0037347483399999986,
      "stddev": 0.0003986451300388787,
      "median": 0.003773878339999999,
      "user": 0.0010256649999999998,
      "system": 0.0014480749999999998,
      "min": 0.0031744828399999985,
      "max": 0.004258065839999999,
      "times": [
        0.004250357839999999,
        0.0038625658399999993,
        0.004258065839999999,
        0.0033424828399999983,
        0.0037746488399999995,
        0.0031744828399999985,
        0.0034422748399999996,
        0.0037731078399999987
      ],
      "memory_usage_byte": [
        2097152,
        2097152,
        2097152,
        2097152,
        2097152,
        2097152,
        2097152,
        2097152
      ],
      "exit_codes": [
        0,
        0,
        0,
        0,
        0,
        0,
        0,
        0
      ]
    }
  ]
}
