{
  "results": [
    {
      "command": "brotli -d -D bench/corpus/assets/vendor-a9b8c7d.js -c bench/results/brotli-dict-11/raw/vendor-a9b8c7e.js.br > /dev/null",
      "mean": 0.005532859110000001,
      "stddev": 0.00031513158514579295,
      "median": 0.005509546360000001,
      "user": 0.0011026949999999997,
      "system": 0.0014831500000000001,
      "min": 0.00501665086,
      "max": 0.006028567860000001,
      "times": [
        0.00560381686,
        0.005783191860000001,
        0.0054152758600000015,
        0.00501665086,
        0.005359650860000001,
        0.00533894286,
        0.006028567860000001,
        0.005716775860000001
      ],
      "memory_usage_byte": [
        2605056,
        2605056,
        2605056,
        2605056,
        2605056,
        2605056,
        2605056,
        2605056
      ],
      "exit_codes": [
        0,
        0,
        0,
        0,
        0,
        0,
        0,
        0
      ]
    }
  ]
}
