{
  "results": [
    {
      "command": "brotli -d -c bench/results/brotli-dict-11/raw/about.html.br > /dev/null",
      "mean": 0.0031732348899999978,
      "stddev": 0.0003574104325616819,
      "median": 0.003109750639999998,
      "user": 0.0009368949999999999,
      "system": 0.00139673,
      "min": 0.002735500139999998,
      "max": 0.003990376139999998,
      "times": [
        0.003070917139999999,
        0.003089167139999998,
        0.003180917139999998,
        0.003055750139999999,
        0.003130334139999998,
        0.0031329171399999984,
        0.003990376139999998,
        0.002735500139999998
      ],
      "memory_usage_byte": [
        2048000,
        2048000,
        2048000,
        2048000,
        2048000,
        2048000,
        2048000,
        2048000
      ],
      "exit_codes": [
        0,
        0,
        0,
        0,
        0,
        0,
        0,
        0
      ]
    }
  ]
}
