{
  "results": [
    {
      "command": "brotli -d -c bench/results/brotli-dict-11/raw/logo.svg.br > /dev/null",
      "mean": 0.0035154351499999993,
      "stddev": 0.0013500492891237875,
      "median": 0.0031505809,
      "user": 0.00102574,
      "system": 0.0017043449999999995,
      "min": 0.0024912683999999997,
      "max": 0.0067508934,
      "times": [
        0.002835852399999999,
        0.0028341843999999993,
        0.0034193103999999993,
        0.0024912683999999997,
        0.0034908103999999997,
        0.0067508934,
        0.0032907684000000005,
        0.0030103933999999994
      ],
      "memory_usage_byte": [
        2048000,
        2048000,
        2048000,
        2048000,
        2048000,
        2048000,
        2048000,
        2048000
      ],
      "exit_codes": [
        0,
        0,
        0,
        0,
        0,
        0,
        0,
        0
      ]
    }
  ]
}
