{
  "results": [
    {
      "command": "brotli -d -c bench/results/brotli-dict-11/raw/vendor-a9b8c7d.js.br > /dev/null",
      "mean": 0.004398304015,
      "stddev": 0.0005453040674450589,
      "median": 0.00468449664,
      "user": 0.0012355350000000003,
      "system": 0.0015379599999999999,
      "min": 0.0034096011399999994,
      "max": 0.00484893414,
      "times": [
        0.00483960114,
        0.0047691001399999995,
        0.00459989314,
        0.004788434140000001,
        0.00484893414,
        0.0034096011399999994,
        0.00398855914,
        0.003942309139999999
      ],
      "memory_usage_byte": [
        2457600,
        2457600,
        2457600,
        2457600,
        2457600,
        2457600,
        2457600,
        2457600
      ],
      "exit_codes": [
        0,
        0,
        0,
        0,
        0,
        0,
        0,
        0
      ]
    }
  ]
}
