{
  "results": [
    {
      "command": "brotli -d -c bench/results/brotli-dict-11/raw/index.html.br > /dev/null",
      "mean": 0.004286812995000002,
      "stddev": 0.0012487121688567716,
      "median": 0.004792552620000002,
      "user": 0.000876185,
      "system": 0.001416475,
      "min": 0.0020508021200000013,
      "max": 0.005362386120000002,
      "times": [
        0.005011469120000001,
        0.004661553120000003,
        0.005061636120000002,
        0.005362386120000002,
        0.002561552120000002,
        0.0020508021200000013,
        0.004745677120000002,
        0.004839428120000002
      ],
      "memory_usage_byte": [
        2048000,
        2048000,
        2048000,
        2048000,
        2048000,
        2048000,
        2048000,
        2048000
      ],
      "exit_codes": [
        0,
        0,
        0,
        0,
        0,
        0,
        0,
        0
      ]
    }
  ]
}
