{
  "results": [
    {
      "command": "zstd -d -c bench/results/zstd-dict-19/raw/logo.svg.zst 2>/dev/null > /dev/null",
      "mean": 0.004194180640000001,
      "stddev": 0.00024686140873488423,
      "median": 0.00412791564,
      "user": 0.001254495,
      "system": 0.0016740200000000002,
      "min": 0.004031935140000001,
      "max": 0.004790102140000001,
      "times": [
        0.00419597714,
        0.00409397814,
        0.004144602140000001,
        0.004031935140000001,
        0.004790102140000001,
        0.00404101914,
        0.004113853140000001,
        0.00414197814
      ],
      "memory_usage_byte": [
        2048000,
        2048000,
        2048000,
        2048000,
        2048000,
        2048000,
        2048000,
        2048000
      ],
      "exit_codes": [
        0,
        0,
        0,
        0,
        0,
        0,
        0,
        0
      ]
    }
  ]
}
