{
  "results": [
    {
      "command": "zstd -d -D bench/corpus/assets/app-3e4f5a6.js -c bench/results/zstd-dict-19/raw/app-3e4f5a7.js.zst 2>/dev/null > /dev/null",
      "mean": 0.004245523285,
      "stddev": 0.00021363085614806114,
      "median": 0.0042238981600000005,
      "user": 0.0013481699999999999,
      "system": 0.0017740149999999999,
      "min": 0.00391568966,
      "max": 0.00460039866,
      "times": [
        0.004087981660000001,
        0.004143273660000001,
        0.00418577366,
        0.004443606660000001,
        0.00391568966,
        0.004262022660000001,
        0.00432543966,
        0.00460039866
      ],
      "memory_usage_byte": [
        2195456,
        2195456,
        2195456,
        2195456,
        2195456,
        2195456,
        2195456,
        2195456
      ],
      "exit_codes": [
        0,
        0,
        0,
        0,
        0,
        0,
        0,
        0
      ]
    }
  ]
}
