{
  "results": [
    {
      "command": "zstd -d -c bench/results/zstd-dict-19/raw/main-7f8a3c2.css.zst 2>/dev/null > /dev/null",
      "mean": 0.003395792929999998,
      "stddev": 0.00031626651719701313,
      "median": 0.0033617616799999977,
      "user": 0.0011512100000000002,
      "system": 0.00138,
      "min": 0.002947511679999998,
      "max": 0.003846594679999998,
      "times": [
        0.0037807616799999987,
        0.0031937206799999987,
        0.003846594679999998,
        0.0033093036799999977,
        0.0035518866799999988,
        0.002947511679999998,
        0.003122344679999999,
        0.0034142196799999977
      ],
      "memory_usage_byte": [
        2048000,
        2048000,
        2048000,
        2048000,
        2048000,
        2048000,
        2048000,
        2048000
      ],
      "exit_codes": [
        0,
        0,
        0,
        0,
        0,
        0,
        0,
        0
      ]
    }
  ]
}
