{
  "results": [
    {
      "command": "bench/decode.sh zstd-3 'bench/results/zstd-3/app-3e4f5a7.js.enc'",
      "mean": 0.014867426465000002,
      "stddev": 0.0010394749562035682,
      "median": 0.014516327340000003,
      "user": 0.004172449999999999,
      "system": 0.0038324849999999996,
      "min": 0.013605514340000003,
      "max": 0.016665140340000002,
      "times": [
        0.015064515340000001,
        0.01429555734,
        0.016665140340000002,
        0.013605514340000003,
        0.014662973340000003,
        0.014369681340000003,
        0.01612226434,
        0.014153765340000003
      ],
      "memory_usage_byte": [
        7028736,
        7028736,
        7028736,
        7028736,
        7028736,
        7028736,
        7028736,
        7028736
      ],
      "exit_codes": [
        0,
        0,
        0,
        0,
        0,
        0,
        0,
        0
      ]
    }
  ]
}
