{
  "results": [
    {
      "command": "bench/decode.sh zstd-3 'bench/results/zstd-3/logo.svg.enc'",
      "mean": 0.01446967243,
      "stddev": 0.0004937799391636931,
      "median": 0.014420099680000001,
      "user": 0.004062675,
      "system": 0.0037926599999999998,
      "min": 0.01384926618,
      "max": 0.015268349180000002,
      "times": [
        0.014996308180000001,
        0.01384926618,
        0.014268141179999999,
        0.014640224180000001,
        0.014391766180000001,
        0.015268349180000002,
        0.01389489118,
        0.014448433180000001
      ],
      "memory_usage_byte": [
        7012352,
        7012352,
        7012352,
        7012352,
        7012352,
        7012352,
        7012352,
        7012352
      ],
      "exit_codes": [
        0,
        0,
        0,
        0,
        0,
        0,
        0,
        0
      ]
    }
  ]
}
