{
  "results": [
    {
      "command": "bench/decode.sh zstd-3 'bench/results/zstd-3/about.html.enc'",
      "mean": 0.013860188045000003,
      "stddev": 0.0015751581744896455,
      "median": 0.013979276920000002,
      "user": 0.004185515000000001,
      "system": 0.003920519999999999,
      "min": 0.011663338920000002,
      "max": 0.016079963920000002,
      "times": [
        0.015734005920000002,
        0.014347546920000002,
        0.016079963920000002,
        0.013637797920000003,
        0.01432075592,
        0.012837005920000002,
        0.011663338920000002,
        0.012261088920000003
      ],
      "memory_usage_byte": [
        7028736,
        7028736,
        7028736,
        7028736,
        7028736,
        7028736,
        7028736,
        7028736
      ],
      "exit_codes": [
        0,
        0,
        0,
        0,
        0,
        0,
        0,
        0
      ]
    }
  ]
}
