{
  "results": [
    {
      "command": "bench/decode.sh zstd-3 'bench/results/zstd-3/main-7f8a3c3.css.enc'",
      "mean": 0.014893111504999999,
      "stddev": 0.0007819122576749966,
      "median": 0.01478487188,
      "user": 0.00418969,
      "system": 0.0039060650000000002,
      "min": 0.01367183038,
      "max": 0.01593420538,
      "times": [
        0.01418283038,
        0.01469983038,
        0.014553538379999998,
        0.01593420538,
        0.015602455379999998,
        0.014869913379999999,
        0.01563028838,
        0.01367183038
      ],
      "memory_usage_byte": [
        7028736,
        7028736,
        7028736,
        7028736,
        7028736,
        7028736,
        7028736,
        7028736
      ],
      "exit_codes": [
        0,
        0,
        0,
        0,
        0,
        0,
        0,
        0
      ]
    }
  ]
}
