{
  "results": [
    {
      "command": "bench/decode.sh zstd-3 'bench/results/zstd-3/app-3e4f5a6.js.enc'",
      "mean": 0.014522730285000004,
      "stddev": 0.000574922711430834,
      "median": 0.014625579160000002,
      "user": 0.00413436,
      "system": 0.0037538449999999996,
      "min": 0.013639329160000001,
      "max": 0.015359454160000001,
      "times": [
        0.015359454160000001,
        0.014704663160000003,
        0.015009745160000004,
        0.013639329160000001,
        0.014689954160000001,
        0.013799913160000003,
        0.014561204160000004,
        0.014417579160000003
      ],
      "memory_usage_byte": [
        7012352,
        7012352,
        7012352,
        7028736,
        7028736,
        7028736,
        7028736,
        7028736
      ],
      "exit_codes": [
        0,
        0,
        0,
        0,
        0,
        0,
        0,
        0
      ]
    }
  ]
}
