{
  "results": [
    {
      "command": "bench/decode.sh zstd-3 'bench/results/zstd-3/main-7f8a3c2.css.enc'",
      "mean": 0.014802492514999998,
      "stddev": 0.0007724416532454435,
      "median": 0.014579623139999998,
      "user": 0.004037455,
      "system": 0.0036958299999999993,
      "min": 0.01381968514,
      "max": 0.01605706014,
      "times": [
        0.014632269139999998,
        0.01381968514,
        0.01431206014,
        0.014286810139999998,
        0.01605706014,
        0.01498685114,
        0.01579822714,
        0.014526977139999998
      ],
      "memory_usage_byte": [
        7012352,
        7028736,
        7028736,
        7028736,
        7028736,
        7028736,
        7028736,
        7028736
      ],
      "exit_codes": [
        0,
        0,
        0,
        0,
        0,
        0,
        0,
        0
      ]
    }
  ]
}
