{
  "results": [
    {
      "command": "bench/decode.sh zstd-3 'bench/results/zstd-3/vendor-a9b8c7e.js.enc'",
      "mean": 0.015177160875000002,
      "stddev": 0.0010990364599193158,
      "median": 0.015287666000000002,
      "user": 0.004220794999999999,
      "system": 0.00376779,
      "min": 0.013064832500000002,
      "max": 0.0165684575,
      "times": [
        0.015569249500000003,
        0.015275832500000003,
        0.0152994995,
        0.013064832500000002,
        0.0163254575,
        0.014558666500000001,
        0.014755291500000003,
        0.0165684575
      ],
      "memory_usage_byte": [
        6995968,
        6995968,
        6995968,
        7012352,
        7012352,
        7028736,
        7028736,
        7028736
      ],
      "exit_codes": [
        0,
        0,
        0,
        0,
        0,
        0,
        0,
        0
      ]
    }
  ]
}
