{
  "results": [
    {
      "command": "bench/encode.sh zstd-3 'bench/corpus/assets/main-7f8a3c3.css' 'bench/results/zstd-3/main-7f8a3c3.css.enc'",
      "mean": 0.0137531052,
      "stddev": 0.0010802539183264808,
      "median": 0.0137668762,
      "user": 0.0042242749999999996,
      "system": 0.00384833,
      "min": 0.0121118557,
      "max": 0.015338812700000003,
      "times": [
        0.0137573967,
        0.0148220217,
        0.0137763557,
        0.014387188700000001,
        0.012994521700000001,
        0.015338812700000003,
        0.012836688700000001,
        0.0121118557
      ],
      "memory_usage_byte": [
        6995968,
        7028736,
        7028736,
        7028736,
        7028736,
        7028736,
        7028736,
        7028736
      ],
      "exit_codes": [
        0,
        0,
        0,
        0,
        0,
        0,
        0,
        0
      ]
    }
  ]
}
