{
  "results": [
    {
      "command": "bench/encode.sh zstd-3 'bench/corpus/assets/about.html' 'bench/results/zstd-3/about.html.enc'",
      "mean": 0.015010180470000002,
      "stddev": 0.0008211269795882004,
      "median": 0.015011893720000002,
      "user": 0.004191154999999999,
      "system": 0.003919145000000001,
      "min": 0.013388185220000003,
      "max": 0.01590726922,
      "times": [
        0.014463311220000002,
        0.015461685220000002,
        0.015067727220000002,
        0.01494885322,
        0.013388185220000003,
        0.01588835222,
        0.014956060220000003,
        0.01590726922
      ],
      "memory_usage_byte": [
        7028736,
        7028736,
        7028736,
        7028736,
        7028736,
        7028736,
        7028736,
        7028736
      ],
      "exit_codes": [
        0,
        0,
        0,
        0,
        0,
        0,
        0,
        0
      ]
    }
  ]
}
