{
  "results": [
    {
      "command": "bench/encode.sh zstd-3 'bench/corpus/assets/app-3e4f5a7.js' 'bench/results/zstd-3/app-3e4f5a7.js.enc'",
      "mean": 0.013812426080000002,
      "stddev": 0.001120595118877337,
      "median": 0.013460150080000002,
      "user": 0.004298224999999999,
      "system": 0.0038356399999999995,
      "min": 0.012679670580000003,
      "max": 0.015536212580000004,
      "times": [
        0.013778545580000003,
        0.014288712580000001,
        0.012814379580000004,
        0.012976837580000004,
        0.013141754580000001,
        0.015283295580000002,
        0.015536212580000004,
        0.012679670580000003
      ],
      "memory_usage_byte": [
        7045120,
        7045120,
        7045120,
        7045120,
        7045120,
        7045120,
        7045120,
        7045120
      ],
      "exit_codes": [
        0,
        0,
        0,
        0,
        0,
        0,
        0,
        0
      ]
    }
  ]
}
