{
  "results": [
    {
      "command": "bench/encode.sh zstd-3 'bench/corpus/assets/app-3e4f5a6.js' 'bench/results/zstd-3/app-3e4f5a6.js.enc'",
      "mean": 0.01453116598,
      "stddev": 0.0012628630675764379,
      "median": 0.014396436980000002,
      "user": 0.0044377999999999996,
      "system": 0.004151725,
      "min": 0.012739665480000002,
      "max": 0.01636441648,
      "times": [
        0.01333245748,
        0.01636441648,
        0.01473912448,
        0.01613116548,
        0.012739665480000002,
        0.014053749480000002,
        0.014838291480000002,
        0.01405045748
      ],
      "memory_usage_byte": [
        7012352,
        7012352,
        7012352,
        7012352,
        7012352,
        7012352,
        7012352,
        7045120
      ],
      "exit_codes": [
        0,
        0,
        0,
        0,
        0,
        0,
        0,
        0
      ]
    }
  ]
}
