{
  "results": [
    {
      "command": "bench/decode.sh identity 'bench/results/identity/main-7f8a3c3.css.enc'",
      "mean": 0.01411008762,
      "stddev": 0.0006281529943292476,
      "median": 0.014379712219999998,
      "user": 0.0035203400000000003,
      "system": 0.00327348,
      "min": 0.01343287922,
      "max": 0.01471525422,
      "times": [
        0.01343629622,
        0.01343287922,
        0.01471525422,
        0.014586296220000001,
        0.014379712219999998
      ],
      "memory_usage_byte": [
        7012352,
        7012352,
        7012352,
        7012352,
        7012352
      ],
      "exit_codes": [
        0,
        0,
        0,
        0,
        0
      ]
    }
  ]
}
