{
  "results": [
    {
      "command": "bench/decode.sh identity 'bench/results/identity/logo.svg.enc'",
      "mean": 0.01519920664,
      "stddev": 0.0029994601771244937,
      "median": 0.015262114440000002,
      "user": 0.00439938,
      "system": 0.005030579999999999,
      "min": 0.012432656440000002,
      "max": 0.019715823440000002,
      "times": [
        0.015262114440000002,
        0.01606557344,
        0.019715823440000002,
        0.012432656440000002,
        0.012519865440000003
      ],
      "memory_usage_byte": [
        6979584,
        6979584,
        6995968,
        6995968,
        6995968
      ],
      "exit_codes": [
        0,
        0,
        0,
        0,
        0
      ]
    }
  ]
}
