{
  "results": [
    {
      "command": "bench/decode.sh identity 'bench/results/identity/app-3e4f5a6.js.enc'",
      "mean": 0.015715417480000004,
      "stddev": 0.0024377269521295864,
      "median": 0.014706042480000004,
      "user": 0.004273259999999999,
      "system": 0.00475994,
      "min": 0.013054084480000006,
      "max": 0.019314125480000006,
      "times": [
        0.014586250480000007,
        0.014706042480000004,
        0.016916584480000007,
        0.019314125480000006,
        0.013054084480000006
      ],
      "memory_usage_byte": [
        6979584,
        6979584,
        6995968,
        6995968,
        6995968
      ],
      "exit_codes": [
        0,
        0,
        0,
        0,
        0
      ]
    }
  ]
}
