{
  "results": [
    {
      "command": "bench/decode.sh identity 'bench/results/identity/main-7f8a3c2.css.enc'",
      "mean": 0.01378546084,
      "stddev": 0.00045285668718922535,
      "median": 0.013963510839999999,
      "user": 0.0038100400000000006,
      "system": 0.00370812,
      "min": 0.01303059384,
      "max": 0.01415017784,
      "times": [
        0.013713635839999998,
        0.01303059384,
        0.01406938584,
        0.013963510839999999,
        0.01415017784
      ],
      "memory_usage_byte": [
        6995968,
        6995968,
        6995968,
        6995968,
        6995968
      ],
      "exit_codes": [
        0,
        0,
        0,
        0,
        0
      ]
    }
  ]
}
