{
  "results": [
    {
      "command": "bench/encode.sh identity 'bench/corpus/assets/app-3e4f5a7.js' 'bench/results/identity/app-3e4f5a7.js.enc'",
      "mean": 0.013191958440000002,
      "stddev": 0.0008494835118814854,
      "median": 0.013312158440000003,
      "user": 0.003924619999999999,
      "system": 0.00413138,
      "min": 0.01203511644,
      "max": 0.013982283440000003,
      "times": [
        0.01203511644,
        0.013977992440000003,
        0.012652241440000003,
        0.013982283440000003,
        0.013312158440000003
      ],
      "memory_usage_byte": [
        7012352,
        7012352,
        7012352,
        7012352,
        7012352
      ],
      "exit_codes": [
        0,
        0,
        0,
        0,
        0
      ]
    }
  ]
}
