{
  "results": [
    {
      "command": "bench/encode.sh identity 'bench/corpus/assets/logo.svg' 'bench/results/identity/logo.svg.enc'",
      "mean": 0.0156180319,
      "stddev": 0.0035994948614012914,
      "median": 0.014980632300000001,
      "user": 0.004333439999999999,
      "system": 0.004886119999999999,
      "min": 0.0122517153,
      "max": 0.0214041313,
      "times": [
        0.014980632300000001,
        0.0163110903,
        0.0214041313,
        0.0122517153,
        0.0131425903
      ],
      "memory_usage_byte": [
        7028736,
        7028736,
        7028736,
        7028736,
        7028736
      ],
      "exit_codes": [
        0,
        0,
        0,
        0,
        0
      ]
    }
  ]
}
