{
  "results": [
    {
      "command": "bench/encode.sh identity 'bench/corpus/assets/index.html' 'bench/results/identity/index.html.enc'",
      "mean": 0.014361885780000005,
      "stddev": 0.0007585287394174994,
      "median": 0.014050002180000003,
      "user": 0.0036565599999999997,
      "system": 0.0037861199999999996,
      "min": 0.013550544180000002,
      "max": 0.015370419180000004,
      "times": [
        0.014050002180000003,
        0.013908252180000004,
        0.013550544180000002,
        0.014930211180000003,
        0.015370419180000004
      ],
      "memory_usage_byte": [
        6979584,
        7012352,
        7028736,
        7028736,
        7028736
      ],
      "exit_codes": [
        0,
        0,
        0,
        0,
        0
      ]
    }
  ]
}
