{
  "about.html": {
    "raw_bytes": 19800,
    "wire_bytes": 3734,
    "wire_bytes_p95": 3734,
    "encode_cpu_ms_p50": 5.004271,
    "encode_cpu_ms_p95": 10.44815175000001,
    "encode_cpu_ms_p99": 20.568596749999983,
    "decode_cpu_ms_p50": 4.4872915,
    "decode_cpu_ms_p95": 4.65713095,
    "decode_cpu_ms_p99": 4.709159789999999,
    "raw_sha256": "e38972f3a21751f827dc62278c81b179375e91a2dcc6ef3831cf704c67900eae",
    "n_runs": 20
  },
  "app-3e4f5a6.js": {
    "raw_bytes": 81928,
    "wire_bytes": 17035,
    "wire_bytes_p95": 17035,
    "encode_cpu_ms_p50": 6.1628125,
    "encode_cpu_ms_p95": 7.0362976,
    "encode_cpu_ms_p99": 7.303659519999999,
    "decode_cpu_ms_p50": 4.668958000000001,
    "decode_cpu_ms_p95": 6.561916350000001,
    "decode_cpu_ms_p99": 7.524583269999998,
    "raw_sha256": "c598b56b2608febeac09173063046f104d33c083b290fa6d6df6aba7fdc3c845",
    "n_runs": 20
  },
  "app-3e4f5a7.js": {
    "raw_bytes": 84041,
    "wire_bytes": 17373,
    "wire_bytes_p95": 17373,
    "encode_cpu_ms_p50": 6.6893745,
    "encode_cpu_ms_p95": 7.423904150000004,
    "encode_cpu_ms_p99": 12.109747229999993,
    "decode_cpu_ms_p50": 4.6245625,
    "decode_cpu_ms_p95": 4.80120385,
    "decode_cpu_ms_p99": 4.8638407699999995,
    "raw_sha256": "ce0a5bc2d08e2640aeefee7dd764f76439b486024ed640e9dea4d1ef4af16cc5",
    "n_runs": 20
  },
  "index.html": {
    "raw_bytes": 16874,
    "wire_bytes": 2650,
    "wire_bytes_p95": 2650,
    "encode_cpu_ms_p50": 4.674313,
    "encode_cpu_ms_p95": 4.932208950000001,
    "encode_cpu_ms_p99": 4.97210819,
    "decode_cpu_ms_p50": 4.6364795,
    "decode_cpu_ms_p95": 6.7340455000000015,
    "decode_cpu_ms_p99": 8.310475499999997,
    "raw_sha256": "02a8ff04d427c02c8f4cd8edef66620a78d011c9102257f99e9c4ea527022a7c",
    "n_runs": 20
  },
  "logo.svg": {
    "raw_bytes": 12739,
    "wire_bytes": 3349,
    "wire_bytes_p95": 3349,
    "encode_cpu_ms_p50": 4.629833500000001,
    "encode_cpu_ms_p95": 4.8670896,
    "encode_cpu_ms_p99": 4.872251520000001,
    "decode_cpu_ms_p50": 4.4711455,
    "decode_cpu_ms_p95": 4.64787085,
    "decode_cpu_ms_p99": 4.67250777,
    "raw_sha256": "eff84f4a0444478d24ae99217861dc53d8f343428da6c507a4f1ad62efb00746",
    "n_runs": 20
  },
  "main-7f8a3c2.css": {
    "raw_bytes": 30739,
    "wire_bytes": 7752,
    "wire_bytes_p95": 7752,
    "encode_cpu_ms_p50": 4.885688,
    "encode_cpu_ms_p95": 5.3913125,
    "encode_cpu_ms_p99": 5.4435625,
    "decode_cpu_ms_p50": 3.675625,
    "decode_cpu_ms_p95": 4.14803365,
    "decode_cpu_ms_p99": 4.3569067299999995,
    "raw_sha256": "c03a2070fcc9061e0e3d2e5cfce1b3665f8110a101f7af25090fd3beb964c3ac",
    "n_runs": 20
  },
  "main-7f8a3c3.css": {
    "raw_bytes": 31749,
    "wire_bytes": 8127,
    "wire_bytes_p95": 8127,
    "encode_cpu_ms_p50": 5.21675,
    "encode_cpu_ms_p95": 5.50933685,
    "encode_cpu_ms_p99": 5.53093377,
    "decode_cpu_ms_p50": 4.6362085,
    "decode_cpu_ms_p95": 4.794239299999999,
    "decode_cpu_ms_p99": 4.861215059999999,
    "raw_sha256": "525f5f26c9690b0deaf937b25cc9a6204cce774c5c583ea587619767e9accb65",
    "n_runs": 20
  },
  "vendor-a9b8c7d.js": {
    "raw_bytes": 256229,
    "wire_bytes": 51395,
    "wire_bytes_p95": 51395,
    "encode_cpu_ms_p50": 11.770603999999999,
    "encode_cpu_ms_p95": 13.127987200000002,
    "encode_cpu_ms_p99": 14.182931039999998,
    "decode_cpu_ms_p50": 4.6939375,
    "decode_cpu_ms_p95": 5.2337122,
    "decode_cpu_ms_p99": 5.972876039999999,
    "raw_sha256": "da2e1490b46a4d7ecb5fa2d4bc800d2a8d26772181974a7ea0681b8bd092742b",
    "n_runs": 20
  },
  "vendor-a9b8c7e.js": {
    "raw_bytes": 261255,
    "wire_bytes": 52389,
    "wire_bytes_p95": 52389,
    "encode_cpu_ms_p50": 11.9344585,
    "encode_cpu_ms_p95": 12.228687800000001,
    "encode_cpu_ms_p99": 14.003603959999996,
    "decode_cpu_ms_p50": 4.009813,
    "decode_cpu_ms_p95": 4.4271,
    "decode_cpu_ms_p99": 4.51032,
    "raw_sha256": "7a4248cc26ddb8c5e766d9654371ae8ca701bac211b3a60dc906054e6c2122ac",
    "n_runs": 20
  }
}