{
  "about.html": {
    "raw_bytes": 19800,
    "wire_bytes": 3573,
    "wire_bytes_p95": 3573,
    "encode_cpu_ms_p50": 21.31525,
    "encode_cpu_ms_p95": 24.027212350000003,
    "encode_cpu_ms_p99": 24.19801375,
    "decode_cpu_ms_p50": 8.255645999999999,
    "decode_cpu_ms_p95": 17.63593315,
    "decode_cpu_ms_p99": 20.258361750000002,
    "raw_sha256": "e38972f3a21751f827dc62278c81b179375e91a2dcc6ef3831cf704c67900eae",
    "n_runs": 30
  },
  "app-3e4f5a6.js": {
    "raw_bytes": 81928,
    "wire_bytes": 15394,
    "wire_bytes_p95": 15394,
    "encode_cpu_ms_p50": 49.6992295,
    "encode_cpu_ms_p95": 65.41556465000001,
    "encode_cpu_ms_p99": 67.99005579000001,
    "decode_cpu_ms_p50": 7.323104,
    "decode_cpu_ms_p95": 8.856662499999999,
    "decode_cpu_ms_p99": 9.82503786,
    "raw_sha256": "c598b56b2608febeac09173063046f104d33c083b290fa6d6df6aba7fdc3c845",
    "n_runs": 30
  },
  "app-3e4f5a7.js": {
    "raw_bytes": 84041,
    "wire_bytes": 15748,
    "wire_bytes_p95": 15748,
    "encode_cpu_ms_p50": 41.2566255,
    "encode_cpu_ms_p95": 46.33931005,
    "encode_cpu_ms_p99": 51.04545189,
    "decode_cpu_ms_p50": 6.18875,
    "decode_cpu_ms_p95": 7.4334413,
    "decode_cpu_ms_p99": 8.52182439,
    "raw_sha256": "ce0a5bc2d08e2640aeefee7dd764f76439b486024ed640e9dea4d1ef4af16cc5",
    "n_runs": 30
  },
  "index.html": {
    "raw_bytes": 16874,
    "wire_bytes": 2565,
    "wire_bytes_p95": 2565,
    "encode_cpu_ms_p50": 22.3221875,
    "encode_cpu_ms_p95": 40.2541128,
    "encode_cpu_ms_p99": 52.20848500000001,
    "decode_cpu_ms_p50": 7.8209795,
    "decode_cpu_ms_p95": 18.2354413,
    "decode_cpu_ms_p99": 29.089492070000013,
    "raw_sha256": "02a8ff04d427c02c8f4cd8edef66620a78d011c9102257f99e9c4ea527022a7c",
    "n_runs": 30
  },
  "logo.svg": {
    "raw_bytes": 12739,
    "wire_bytes": 2763,
    "wire_bytes_p95": 2763,
    "encode_cpu_ms_p50": 21.372375499999997,
    "encode_cpu_ms_p95": 26.243623250000002,
    "encode_cpu_ms_p99": 30.807546290000005,
    "decode_cpu_ms_p50": 6.014042,
    "decode_cpu_ms_p95": 8.2628891,
    "decode_cpu_ms_p99": 9.695778180000001,
    "raw_sha256": "eff84f4a0444478d24ae99217861dc53d8f343428da6c507a4f1ad62efb00746",
    "n_runs": 30
  },
  "main-7f8a3c2.css": {
    "raw_bytes": 30739,
    "wire_bytes": 6503,
    "wire_bytes_p95": 6503,
    "encode_cpu_ms_p50": 27.57,
    "encode_cpu_ms_p95": 51.797843750000006,
    "encode_cpu_ms_p99": 52.937242680000004,
    "decode_cpu_ms_p50": 9.1529585,
    "decode_cpu_ms_p95": 11.267654499999999,
    "decode_cpu_ms_p99": 11.59146218,
    "raw_sha256": "c03a2070fcc9061e0e3d2e5cfce1b3665f8110a101f7af25090fd3beb964c3ac",
    "n_runs": 30
  },
  "main-7f8a3c3.css": {
    "raw_bytes": 31749,
    "wire_bytes": 6786,
    "wire_bytes_p95": 6786,
    "encode_cpu_ms_p50": 27.1799165,
    "encode_cpu_ms_p95": 33.20417905,
    "encode_cpu_ms_p99": 37.06128468,
    "decode_cpu_ms_p50": 10.8555,
    "decode_cpu_ms_p95": 18.0110503,
    "decode_cpu_ms_p99": 22.241452500000005,
    "raw_sha256": "525f5f26c9690b0deaf937b25cc9a6204cce774c5c583ea587619767e9accb65",
    "n_runs": 30
  },
  "vendor-a9b8c7d.js": {
    "raw_bytes": 256229,
    "wire_bytes": 45427,
    "wire_bytes_p95": 45427,
    "encode_cpu_ms_p50": 110.53064549999999,
    "encode_cpu_ms_p95": 152.2099333,
    "encode_cpu_ms_p99": 168.54322139,
    "decode_cpu_ms_p50": 7.240271,
    "decode_cpu_ms_p95": 9.6872375,
    "decode_cpu_ms_p99": 10.34971589,
    "raw_sha256": "da2e1490b46a4d7ecb5fa2d4bc800d2a8d26772181974a7ea0681b8bd092742b",
    "n_runs": 30
  },
  "vendor-a9b8c7e.js": {
    "raw_bytes": 261255,
    "wire_bytes": 46195,
    "wire_bytes_p95": 46195,
    "encode_cpu_ms_p50": 93.7543335,
    "encode_cpu_ms_p95": 120.0966519,
    "encode_cpu_ms_p99": 123.791013,
    "decode_cpu_ms_p50": 7.376208500000001,
    "decode_cpu_ms_p95": 8.6566314,
    "decode_cpu_ms_p99": 8.94135839,
    "raw_sha256": "7a4248cc26ddb8c5e766d9654371ae8ca701bac211b3a60dc906054e6c2122ac",
    "n_runs": 30
  }
}