{
  "about.html": {
    "raw_bytes": 19800,
    "wire_bytes": 3026,
    "wire_bytes_p95": 3026,
    "encode_cpu_ms_p50": 25.980270500000003,
    "encode_cpu_ms_p95": 60.967502450000005,
    "encode_cpu_ms_p99": 84.08115418000003,
    "decode_cpu_ms_p50": 6.03125,
    "decode_cpu_ms_p95": 9.014716850000001,
    "decode_cpu_ms_p99": 11.873803790000002,
    "raw_sha256": "e38972f3a21751f827dc62278c81b179375e91a2dcc6ef3831cf704c67900eae",
    "n_runs": 30
  },
  "app-3e4f5a6.js": {
    "raw_bytes": 81928,
    "wire_bytes": 15381,
    "wire_bytes_p95": 15381,
    "encode_cpu_ms_p50": 85.0796875,
    "encode_cpu_ms_p95": 115.36693530000001,
    "encode_cpu_ms_p99": 135.60492361000001,
    "decode_cpu_ms_p50": 5.543792,
    "decode_cpu_ms_p95": 7.94043575,
    "decode_cpu_ms_p99": 8.55029432,
    "raw_sha256": "c598b56b2608febeac09173063046f104d33c083b290fa6d6df6aba7fdc3c845",
    "n_runs": 30
  },
  "app-3e4f5a7.js": {
    "raw_bytes": 84041,
    "wire_bytes": 15626,
    "wire_bytes_p95": 15626,
    "encode_cpu_ms_p50": 84.69452050000001,
    "encode_cpu_ms_p95": 94.3251564,
    "encode_cpu_ms_p99": 96.41718857000001,
    "decode_cpu_ms_p50": 5.594396,
    "decode_cpu_ms_p95": 6.5625061,
    "decode_cpu_ms_p99": 7.03851857,
    "raw_sha256": "ce0a5bc2d08e2640aeefee7dd764f76439b486024ed640e9dea4d1ef4af16cc5",
    "n_runs": 30
  },
  "index.html": {
    "raw_bytes": 16874,
    "wire_bytes": 2051,
    "wire_bytes_p95": 2051,
    "encode_cpu_ms_p50": 21.856396,
    "encode_cpu_ms_p95": 24.881381100000002,
    "encode_cpu_ms_p99": 25.860768750000002,
    "decode_cpu_ms_p50": 5.591396,
    "decode_cpu_ms_p95": 6.4286583,
    "decode_cpu_ms_p99": 6.61022389,
    "raw_sha256": "02a8ff04d427c02c8f4cd8edef66620a78d011c9102257f99e9c4ea527022a7c",
    "n_runs": 30
  },
  "logo.svg": {
    "raw_bytes": 12739,
    "wire_bytes": 2607,
    "wire_bytes_p95": 2607,
    "encode_cpu_ms_p50": 17.754646,
    "encode_cpu_ms_p95": 20.238778800000002,
    "encode_cpu_ms_p99": 21.691675460000003,
    "decode_cpu_ms_p50": 5.4021045,
    "decode_cpu_ms_p95": 6.224176750000001,
    "decode_cpu_ms_p99": 6.611735320000001,
    "raw_sha256": "eff84f4a0444478d24ae99217861dc53d8f343428da6c507a4f1ad62efb00746",
    "n_runs": 30
  },
  "main-7f8a3c2.css": {
    "raw_bytes": 30739,
    "wire_bytes": 6234,
    "wire_bytes_p95": 6234,
    "encode_cpu_ms_p50": 32.125229,
    "encode_cpu_ms_p95": 33.7095413,
    "encode_cpu_ms_p99": 34.51309064,
    "decode_cpu_ms_p50": 5.868292,
    "decode_cpu_ms_p95": 8.2706977,
    "decode_cpu_ms_p99": 9.287367960000001,
    "raw_sha256": "c03a2070fcc9061e0e3d2e5cfce1b3665f8110a101f7af25090fd3beb964c3ac",
    "n_runs": 30
  },
  "main-7f8a3c3.css": {
    "raw_bytes": 31749,
    "wire_bytes": 6484,
    "wire_bytes_p95": 6484,
    "encode_cpu_ms_p50": 34.071895999999995,
    "encode_cpu_ms_p95": 40.26510015,
    "encode_cpu_ms_p99": 41.653678750000005,
    "decode_cpu_ms_p50": 6.214583,
    "decode_cpu_ms_p95": 7.38685275,
    "decode_cpu_ms_p99": 8.26593936,
    "raw_sha256": "525f5f26c9690b0deaf937b25cc9a6204cce774c5c583ea587619767e9accb65",
    "n_runs": 30
  },
  "vendor-a9b8c7d.js": {
    "raw_bytes": 256229,
    "wire_bytes": 45282,
    "wire_bytes_p95": 45282,
    "encode_cpu_ms_p50": 281.3041875,
    "encode_cpu_ms_p95": 323.43223285,
    "encode_cpu_ms_p99": 346.61684907,
    "decode_cpu_ms_p50": 7.0589794999999995,
    "decode_cpu_ms_p95": 9.753802050000001,
    "decode_cpu_ms_p99": 10.50843657,
    "raw_sha256": "da2e1490b46a4d7ecb5fa2d4bc800d2a8d26772181974a7ea0681b8bd092742b",
    "n_runs": 30
  },
  "vendor-a9b8c7e.js": {
    "raw_bytes": 261255,
    "wire_bytes": 46145,
    "wire_bytes_p95": 46145,
    "encode_cpu_ms_p50": 350.59927100000004,
    "encode_cpu_ms_p95": 719.6341125,
    "encode_cpu_ms_p99": 766.2212523200001,
    "decode_cpu_ms_p50": 7.5693125000000006,
    "decode_cpu_ms_p95": 9.1694901,
    "decode_cpu_ms_p99": 9.64906275,
    "raw_sha256": "7a4248cc26ddb8c5e766d9654371ae8ca701bac211b3a60dc906054e6c2122ac",
    "n_runs": 30
  }
}