{
  "results": [
    {
      "command": "bench/decode.sh gzip-9 'bench/results/gzip-9/main-7f8a3c3.css.enc'",
      "mean": 0.009976732404999999,
      "stddev": 0.0016602281952271274,
      "median": 0.00964205028,
      "user": 0.0035237200000000006,
      "system": 0.00296359,
      "min": 0.00777215478,
      "max": 0.01336111278,
      "times": [
        0.00954786278,
        0.008880653779999999,
        0.00927815378,
        0.010283778779999999,
        0.00973623778,
        0.01336111278,
        0.010953904779999999,
        0.00777215478
      ],
      "memory_usage_byte": [
        7012352,
        7012352,
        7012352,
        7012352,
        7012352,
        7012352,
        7012352,
        7012352
      ],
      "exit_codes": [
        0,
        0,
        0,
        0,
        0,
        0,
        0,
        0
      ]
    }
  ]
}
