{
  "results": [
    {
      "command": "bench/decode.sh gzip-9 'bench/results/gzip-9/app-3e4f5a7.js.enc'",
      "mean": 0.012071716840000003,
      "stddev": 0.0011779988884067032,
      "median": 0.01199173784,
      "user": 0.003972295,
      "system": 0.0037449599999999994,
      "min": 0.01066502984,
      "max": 0.013721487840000001,
      "times": [
        0.01238565484,
        0.010775945840000002,
        0.01066502984,
        0.011180403840000002,
        0.01316457084,
        0.013082820840000002,
        0.013721487840000001,
        0.011597820840000002
      ],
      "memory_usage_byte": [
        7012352,
        7012352,
        7012352,
        7012352,
        7012352,
        7012352,
        7012352,
        7012352
      ],
      "exit_codes": [
        0,
        0,
        0,
        0,
        0,
        0,
        0,
        0
      ]
    }
  ]
}
