{
  "results": [
    {
      "command": "bench/decode.sh gzip-9 'bench/results/gzip-9/vendor-a9b8c7e.js.enc'",
      "mean": 0.012626713965000003,
      "stddev": 0.0004764372660656648,
      "median": 0.012664140840000003,
      "user": 0.0036136750000000002,
      "system": 0.0032193749999999996,
      "min": 0.011680140840000002,
      "max": 0.013191557840000003,
      "times": [
        0.012675390840000002,
        0.013191557840000003,
        0.013036640840000002,
        0.012652890840000004,
        0.012606849840000003,
        0.012900515840000001,
        0.012269724840000003,
        0.011680140840000002
      ],
      "memory_usage_byte": [
        7012352,
        7012352,
        7012352,
        7012352,
        7012352,
        7012352,
        7012352,
        7012352
      ],
      "exit_codes": [
        0,
        0,
        0,
        0,
        0,
        0,
        0,
        0
      ]
    }
  ]
}
