{
  "results": [
    {
      "command": "bench/encode.sh gzip-9 'bench/corpus/assets/index.html' 'bench/results/gzip-9/index.html.enc'",
      "mean": 0.010294968489999997,
      "stddev": 0.0011008685233175478,
      "median": 0.010331755239999999,
      "user": 0.0036771749999999995,
      "system": 0.0030988999999999995,
      "min": 0.008988859239999997,
      "max": 0.01212306724,
      "times": [
        0.011020400239999999,
        0.011011734239999998,
        0.01072948424,
        0.01212306724,
        0.009934026239999998,
        0.009285901239999998,
        0.008988859239999997,
        0.00926627524
      ],
      "memory_usage_byte": [
        6979584,
        6979584,
        6995968,
        7012352,
        7012352,
        7012352,
        7012352,
        7012352
      ],
      "exit_codes": [
        0,
        0,
        0,
        0,
        0,
        0,
        0,
        0
      ]
    }
  ]
}
