{
  "results": [
    {
      "command": "bench/encode.sh gzip-9 'bench/corpus/assets/main-7f8a3c2.css' 'bench/results/gzip-9/main-7f8a3c2.css.enc'",
      "mean": 0.013071203785000002,
      "stddev": 0.0015589406706154605,
      "median": 0.012602355160000002,
      "user": 0.004694065,
      "system": 0.003513749999999999,
      "min": 0.010948729660000003,
      "max": 0.015469437660000002,
      "times": [
        0.012184646660000003,
        0.01247635566,
        0.01221118866,
        0.012728354660000003,
        0.010948729660000003,
        0.015469437660000002,
        0.015239354660000003,
        0.013311562660000002
      ],
      "memory_usage_byte": [
        6979584,
        6979584,
        6995968,
        6995968,
        6995968,
        6995968,
        6995968,
        7012352
      ],
      "exit_codes": [
        0,
        0,
        0,
        0,
        0,
        0,
        0,
        0
      ]
    }
  ]
}
