{
  "results": [
    {
      "command": "bench/encode.sh gzip-9 'bench/corpus/assets/vendor-a9b8c7e.js' 'bench/results/gzip-9/vendor-a9b8c7e.js.enc'",
      "mean": 0.0256281568,
      "stddev": 0.0012882687029544726,
      "median": 0.0258084278,
      "user": 0.016396159999999996,
      "system": 0.0035823199999999995,
      "min": 0.0235063858,
      "max": 0.0274561358,
      "times": [
        0.0267405938,
        0.026284802800000003,
        0.024333135800000003,
        0.0235063858,
        0.0259965528,
        0.025087344799999998,
        0.025620302799999998,
        0.0274561358
      ],
      "memory_usage_byte": [
        7012352,
        7028736,
        7028736,
        7028736,
        7028736,
        7028736,
        7028736,
        7028736
      ],
      "exit_codes": [
        0,
        0,
        0,
        0,
        0,
        0,
        0,
        0
      ]
    }
  ]
}
