{
  "results": [
    {
      "command": "bench/encode.sh gzip-9 'bench/corpus/assets/about.html' 'bench/results/gzip-9/about.html.enc'",
      "mean": 0.014067026529999999,
      "stddev": 0.005151415122744173,
      "median": 0.012734859779999998,
      "user": 0.004299195,
      "system": 0.00379459,
      "min": 0.00948646378,
      "max": 0.02614950578,
      "times": [
        0.01136213078,
        0.012361755779999997,
        0.00948646378,
        0.013107963779999999,
        0.02614950578,
        0.01463483878,
        0.014073005779999998,
        0.011360547779999997
      ],
      "memory_usage_byte": [
        7012352,
        7012352,
        7012352,
        7012352,
        7012352,
        7012352,
        7012352,
        7012352
      ],
      "exit_codes": [
        0,
        0,
        0,
        0,
        0,
        0,
        0,
        0
      ]
    }
  ]
}
