{
  "catalog-full.json": {
    "wire_bytes": 47090,
    "wire_bytes_p95": 47090,
    "raw_bytes": 189168,
    "encode_cpu_ms_p50": 7.483187,
    "encode_cpu_ms_p95": 7.92730625,
    "encode_cpu_ms_p99": 7.97673857,
    "decode_cpu_ms_p50": 4.638917,
    "decode_cpu_ms_p95": 8.498273400000002,
    "decode_cpu_ms_p99": 11.668464320000004,
    "raw_sha256": "535077f9761da48a021a579ce4a9da4348329803215e9cbe0308732832e944d5",
    "n_runs": 30
  },
  "error-404.json": {
    "wire_bytes": 75,
    "wire_bytes_p95": 75,
    "raw_bytes": 65,
    "encode_cpu_ms_p50": 3.8751045,
    "encode_cpu_ms_p95": 4.77543315,
    "encode_cpu_ms_p99": 4.9903894300000005,
    "decode_cpu_ms_p50": 4.3808755,
    "decode_cpu_ms_p95": 4.813628500000001,
    "decode_cpu_ms_p99": 5.935970280000001,
    "raw_sha256": "ec61473571781ebc05122c7e0880387dcf8920c3a98fb2afb230b7626fffd9d9",
    "n_runs": 30
  },
  "notifications.json": {
    "wire_bytes": 9130,
    "wire_bytes_p95": 9130,
    "raw_bytes": 38234,
    "encode_cpu_ms_p50": 4.4788545,
    "encode_cpu_ms_p95": 5.441047800000001,
    "encode_cpu_ms_p99": 5.513382000000001,
    "decode_cpu_ms_p50": 4.606958,
    "decode_cpu_ms_p95": 4.811545949999999,
    "decode_cpu_ms_p99": 4.867573890000001,
    "raw_sha256": "fc1fa8ccb631e32a75838bb4cd2f8745526f7dc4aebad7ac729275a9dcd5b0d9",
    "n_runs": 30
  },
  "order-history.json": {
    "wire_bytes": 9450,
    "wire_bytes_p95": 9450,
    "raw_bytes": 42784,
    "encode_cpu_ms_p50": 4.5440205,
    "encode_cpu_ms_p95": 5.01545275,
    "encode_cpu_ms_p99": 5.146542930000001,
    "decode_cpu_ms_p50": 3.9904165000000003,
    "decode_cpu_ms_p95": 4.67676875,
    "decode_cpu_ms_p99": 4.9265,
    "raw_sha256": "21873f917a7d41e1429c846108c0775e79c120d5f127def9274ca548694a8e62",
    "n_runs": 30
  },
  "products-list-v2.json": {
    "wire_bytes": 35054,
    "wire_bytes_p95": 35054,
    "raw_bytes": 139497,
    "encode_cpu_ms_p50": 7.1633125,
    "encode_cpu_ms_p95": 7.55155,
    "encode_cpu_ms_p99": 11.199393750000004,
    "decode_cpu_ms_p50": 4.6091880000000005,
    "decode_cpu_ms_p95": 4.91630815,
    "decode_cpu_ms_p99": 4.96769764,
    "raw_sha256": "b8922dceb67579e4c7171fce868a4dc5a7c8251c6fc292ea925ebb132b648f53",
    "n_runs": 30
  },
  "products-list.json": {
    "wire_bytes": 32001,
    "wire_bytes_p95": 32001,
    "raw_bytes": 126767,
    "encode_cpu_ms_p50": 6.23425,
    "encode_cpu_ms_p95": 7.0291625,
    "encode_cpu_ms_p99": 7.31450964,
    "decode_cpu_ms_p50": 4.9700625,
    "decode_cpu_ms_p95": 5.37770435,
    "decode_cpu_ms_p99": 5.634518250000001,
    "raw_sha256": "396fdb32e673254abadd28e714d1e5dffbefa9d20558af5c0895b94505c92c0d",
    "n_runs": 30
  },
  "search-results-v2.json": {
    "wire_bytes": 8687,
    "wire_bytes_p95": 8687,
    "raw_bytes": 31626,
    "encode_cpu_ms_p50": 5.0436665,
    "encode_cpu_ms_p95": 5.40069755,
    "encode_cpu_ms_p99": 5.42430707,
    "decode_cpu_ms_p50": 4.459875,
    "decode_cpu_ms_p95": 4.7593898,
    "decode_cpu_ms_p99": 4.8350418600000005,
    "raw_sha256": "c31ee92437a6ba7a50451b530b1376ac9fe5cbe2eae8f3d69787d3bff017e515",
    "n_runs": 30
  },
  "search-results.json": {
    "wire_bytes": 8574,
    "wire_bytes_p95": 8574,
    "raw_bytes": 31169,
    "encode_cpu_ms_p50": 4.871646000000001,
    "encode_cpu_ms_p95": 5.0887731,
    "encode_cpu_ms_p99": 5.27803986,
    "decode_cpu_ms_p50": 4.560271000000001,
    "decode_cpu_ms_p95": 4.7916939,
    "decode_cpu_ms_p99": 4.80277857,
    "raw_sha256": "4d54944e9e4ed716e95edb05f478f0a18991f240415f003abfb86a4aec1641af",
    "n_runs": 30
  },
  "user-profile.json": {
    "wire_bytes": 190,
    "wire_bytes_p95": 190,
    "raw_bytes": 278,
    "encode_cpu_ms_p50": 4.266,
    "encode_cpu_ms_p95": 4.89182935,
    "encode_cpu_ms_p99": 6.023839500000002,
    "decode_cpu_ms_p50": 4.51375,
    "decode_cpu_ms_p95": 4.75009985,
    "decode_cpu_ms_p99": 4.7927625,
    "raw_sha256": "9002ab8784b318eb8c9ba469bc306149b1ddd87ac1ec9fe4ee18bc0810f25243",
    "n_runs": 30
  }
}