{
  "results": [
    {
      "command": "bench/decode.sh gzip-6 'bench/results/gzip-6/logo.svg.enc'",
      "mean": 0.012694365530000001,
      "stddev": 0.0019528067843682811,
      "median": 0.01326050078,
      "user": 0.00381937,
      "system": 0.0036243349999999994,
      "min": 0.009651041780000001,
      "max": 0.015182542780000002,
      "times": [
        0.00978658378,
        0.01301020978,
        0.015182542780000002,
        0.01330758478,
        0.01377658478,
        0.01321341678,
        0.01362695978,
        0.009651041780000001
      ],
      "memory_usage_byte": [
        7012352,
        7012352,
        7012352,
        7012352,
        7012352,
        7012352,
        7012352,
        7012352
      ],
      "exit_codes": [
        0,
        0,
        0,
        0,
        0,
        0,
        0,
        0
      ]
    }
  ]
}
