{
  "results": [
    {
      "command": "bench/decode.sh gzip-6 'bench/results/gzip-6/app-3e4f5a6.js.enc'",
      "mean": 0.01447773984,
      "stddev": 0.0017208467929622818,
      "median": 0.01495745334,
      "user": 0.0039755599999999995,
      "system": 0.003936935000000001,
      "min": 0.01125653734,
      "max": 0.01583674534,
      "times": [
        0.01583674534,
        0.01580957834,
        0.014902286340000001,
        0.014911578339999999,
        0.01500332834,
        0.012359286340000001,
        0.01125653734,
        0.01574257834
      ],
      "memory_usage_byte": [
        7012352,
        7012352,
        7012352,
        7012352,
        7012352,
        7012352,
        7012352,
        7012352
      ],
      "exit_codes": [
        0,
        0,
        0,
        0,
        0,
        0,
        0,
        0
      ]
    }
  ]
}
