{
  "results": [
    {
      "command": "bench/decode.sh gzip-6 'bench/results/gzip-6/about.html.enc'",
      "mean": 0.014340255335000001,
      "stddev": 0.0006188458442315793,
      "median": 0.014370400960000003,
      "user": 0.0038095299999999998,
      "system": 0.0038402199999999997,
      "min": 0.013461276460000001,
      "max": 0.015139234460000001,
      "times": [
        0.014897776460000001,
        0.014825734460000004,
        0.014130942460000004,
        0.015139234460000001,
        0.014283484460000002,
        0.014457317460000004,
        0.013461276460000001,
        0.013526276460000004
      ],
      "memory_usage_byte": [
        6963200,
        6995968,
        6995968,
        7012352,
        7012352,
        7012352,
        7012352,
        7012352
      ],
      "exit_codes": [
        0,
        0,
        0,
        0,
        0,
        0,
        0,
        0
      ]
    }
  ]
}
