{
  "results": [
    {
      "command": "bench/decode.sh gzip-6 'bench/results/gzip-6/main-7f8a3c2.css.enc'",
      "mean": 0.013350876775000001,
      "stddev": 0.0013829064355473982,
      "median": 0.013870668400000001,
      "user": 0.003892694999999999,
      "system": 0.0036243300000000003,
      "min": 0.010741064900000001,
      "max": 0.0149308559,
      "times": [
        0.0136841479,
        0.0142320219,
        0.014057188900000002,
        0.0149308559,
        0.014057313900000002,
        0.013229855899999999,
        0.010741064900000001,
        0.0118745649
      ],
      "memory_usage_byte": [
        6995968,
        6995968,
        6995968,
        6995968,
        6995968,
        6995968,
        6995968,
        6995968
      ],
      "exit_codes": [
        0,
        0,
        0,
        0,
        0,
        0,
        0,
        0
      ]
    }
  ]
}
