{
  "results": [
    {
      "command": "bench/decode.sh gzip-6 'bench/results/gzip-6/vendor-a9b8c7d.js.enc'",
      "mean": 0.011367170390000002,
      "stddev": 0.0006067612396090645,
      "median": 0.011441410140000002,
      "user": 0.00387744,
      "system": 0.00369682,
      "min": 0.010380014140000001,
      "max": 0.012210222140000001,
      "times": [
        0.011351389140000001,
        0.010885556140000002,
        0.011694972140000003,
        0.011531431140000003,
        0.010380014140000001,
        0.010934889140000001,
        0.011948889140000002,
        0.012210222140000001
      ],
      "memory_usage_byte": [
        6995968,
        6995968,
        7028736,
        7028736,
        7028736,
        7028736,
        7028736,
        7028736
      ],
      "exit_codes": [
        0,
        0,
        0,
        0,
        0,
        0,
        0,
        0
      ]
    }
  ]
}
