{
  "results": [
    {
      "command": "bench/encode.sh gzip-6 'bench/corpus/assets/logo.svg' 'bench/results/gzip-6/logo.svg.enc'",
      "mean": 0.014898822209999999,
      "stddev": 0.0008331783914211123,
      "median": 0.01522199446,
      "user": 0.0039518999999999995,
      "system": 0.00393025,
      "min": 0.01328293096,
      "max": 0.015904847960000003,
      "times": [
        0.014483098960000001,
        0.015904847960000003,
        0.01518893196,
        0.015342722960000001,
        0.01543793096,
        0.01525505696,
        0.014295056960000002,
        0.01328293096
      ],
      "memory_usage_byte": [
        6979584,
        6995968,
        6995968,
        6995968,
        7012352,
        7012352,
        7012352,
        7012352
      ],
      "exit_codes": [
        0,
        0,
        0,
        0,
        0,
        0,
        0,
        0
      ]
    }
  ]
}
