{
  "results": [
    {
      "command": "bench/encode.sh gzip-6 'bench/corpus/assets/vendor-a9b8c7d.js' 'bench/results/gzip-6/vendor-a9b8c7d.js.enc'",
      "mean": 0.017209818265000003,
      "stddev": 0.0015316942719065746,
      "median": 0.01656463064,
      "user": 0.010692870000000002,
      "system": 0.0039761,
      "min": 0.01574894364,
      "max": 0.02014456764,
      "times": [
        0.01656673464,
        0.015976943639999998,
        0.01574894364,
        0.01622852664,
        0.01656252664,
        0.01783885964,
        0.01861144364,
        0.02014456764
      ],
      "memory_usage_byte": [
        7028736,
        7028736,
        7028736,
        7028736,
        7028736,
        7028736,
        7028736,
        7028736
      ],
      "exit_codes": [
        0,
        0,
        0,
        0,
        0,
        0,
        0,
        0
      ]
    }
  ]
}
