{
  "results": [
    {
      "command": "bench/encode.sh gzip-6 'bench/corpus/assets/vendor-a9b8c7e.js' 'bench/results/gzip-6/vendor-a9b8c7e.js.enc'",
      "mean": 0.020901871785000005,
      "stddev": 0.0013788199838797913,
      "median": 0.021298095660000002,
      "user": 0.01034297,
      "system": 0.003991825,
      "min": 0.018453387160000004,
      "max": 0.022134554160000004,
      "times": [
        0.021893929160000002,
        0.019260304160000002,
        0.021772595160000005,
        0.018453387160000004,
        0.022060679160000003,
        0.020815929160000003,
        0.022134554160000004,
        0.020823596160000003
      ],
      "memory_usage_byte": [
        7012352,
        7012352,
        7028736,
        7028736,
        7028736,
        7028736,
        7028736,
        7028736
      ],
      "exit_codes": [
        0,
        0,
        0,
        0,
        0,
        0,
        0,
        0
      ]
    }
  ]
}
