{
  "results": [
    {
      "command": "bench/encode.sh gzip-6 'bench/corpus/assets/about.html' 'bench/results/gzip-6/about.html.enc'",
      "mean": 0.013920530250000002,
      "stddev": 0.002348151184930011,
      "median": 0.014004087500000003,
      "user": 0.004149055,
      "system": 0.00386756,
      "min": 0.010650837500000003,
      "max": 0.018283837500000004,
      "times": [
        0.018283837500000004,
        0.010650837500000003,
        0.011683837500000002,
        0.012723129500000003,
        0.015166421500000003,
        0.014050878500000002,
        0.014848003500000002,
        0.013957296500000004
      ],
      "memory_usage_byte": [
        7012352,
        7012352,
        7012352,
        7012352,
        7012352,
        7012352,
        7012352,
        7012352
      ],
      "exit_codes": [
        0,
        0,
        0,
        0,
        0,
        0,
        0,
        0
      ]
    }
  ]
}
