{
  "about.html": {
    "raw_bytes": 19800,
    "wire_bytes": 19800,
    "wire_bytes_p95": 19800,
    "encode_cpu_ms_p50": 5.138666499999999,
    "encode_cpu_ms_p95": 8.083376900000001,
    "encode_cpu_ms_p99": 9.893245140000001,
    "decode_cpu_ms_p50": 5.1913125,
    "decode_cpu_ms_p95": 7.3321481,
    "decode_cpu_ms_p99": 8.58668736,
    "raw_sha256": "e38972f3a21751f827dc62278c81b179375e91a2dcc6ef3831cf704c67900eae",
    "n_runs": 30
  },
  "app-3e4f5a6.js": {
    "raw_bytes": 81928,
    "wire_bytes": 81928,
    "wire_bytes_p95": 81928,
    "encode_cpu_ms_p50": 5.2974375,
    "encode_cpu_ms_p95": 6.701377300000001,
    "encode_cpu_ms_p99": 7.05740061,
    "decode_cpu_ms_p50": 5.433729,
    "decode_cpu_ms_p95": 7.1439144,
    "decode_cpu_ms_p99": 7.66286925,
    "raw_sha256": "c598b56b2608febeac09173063046f104d33c083b290fa6d6df6aba7fdc3c845",
    "n_runs": 30
  },
  "app-3e4f5a7.js": {
    "raw_bytes": 84041,
    "wire_bytes": 84041,
    "wire_bytes_p95": 84041,
    "encode_cpu_ms_p50": 6.129479,
    "encode_cpu_ms_p95": 7.430006400000001,
    "encode_cpu_ms_p99": 8.35426,
    "decode_cpu_ms_p50": 5.379104,
    "decode_cpu_ms_p95": 6.2176788,
    "decode_cpu_ms_p99": 6.43497778,
    "raw_sha256": "ce0a5bc2d08e2640aeefee7dd764f76439b486024ed640e9dea4d1ef4af16cc5",
    "n_runs": 30
  },
  "index.html": {
    "raw_bytes": 16874,
    "wire_bytes": 16874,
    "wire_bytes_p95": 16874,
    "encode_cpu_ms_p50": 4.8222705,
    "encode_cpu_ms_p95": 5.274153800000001,
    "encode_cpu_ms_p99": 5.41714582,
    "decode_cpu_ms_p50": 5.306667,
    "decode_cpu_ms_p95": 7.8436309500000005,
    "decode_cpu_ms_p99": 8.51919375,
    "raw_sha256": "02a8ff04d427c02c8f4cd8edef66620a78d011c9102257f99e9c4ea527022a7c",
    "n_runs": 30
  },
  "logo.svg": {
    "raw_bytes": 12739,
    "wire_bytes": 12739,
    "wire_bytes_p95": 12739,
    "encode_cpu_ms_p50": 5.3199375,
    "encode_cpu_ms_p95": 13.75531875,
    "encode_cpu_ms_p99": 17.981020000000004,
    "decode_cpu_ms_p50": 5.8770205,
    "decode_cpu_ms_p95": 10.4079648,
    "decode_cpu_ms_p99": 12.0472715,
    "raw_sha256": "eff84f4a0444478d24ae99217861dc53d8f343428da6c507a4f1ad62efb00746",
    "n_runs": 30
  },
  "main-7f8a3c2.css": {
    "raw_bytes": 30739,
    "wire_bytes": 30739,
    "wire_bytes_p95": 30739,
    "encode_cpu_ms_p50": 4.816646,
    "encode_cpu_ms_p95": 5.378093750000001,
    "encode_cpu_ms_p99": 5.520893750000001,
    "decode_cpu_ms_p50": 4.8456045,
    "decode_cpu_ms_p95": 6.0850649500000005,
    "decode_cpu_ms_p99": 6.2623818600000005,
    "raw_sha256": "c03a2070fcc9061e0e3d2e5cfce1b3665f8110a101f7af25090fd3beb964c3ac",
    "n_runs": 30
  },
  "main-7f8a3c3.css": {
    "raw_bytes": 31749,
    "wire_bytes": 31749,
    "wire_bytes_p95": 31749,
    "encode_cpu_ms_p50": 4.8645,
    "encode_cpu_ms_p95": 5.3461792,
    "encode_cpu_ms_p99": 5.600589680000001,
    "decode_cpu_ms_p50": 5.1298755,
    "decode_cpu_ms_p95": 6.6879378,
    "decode_cpu_ms_p99": 7.62796268,
    "raw_sha256": "525f5f26c9690b0deaf937b25cc9a6204cce774c5c583ea587619767e9accb65",
    "n_runs": 30
  },
  "vendor-a9b8c7d.js": {
    "raw_bytes": 256229,
    "wire_bytes": 256229,
    "wire_bytes_p95": 256229,
    "encode_cpu_ms_p50": 7.6535,
    "encode_cpu_ms_p95": 10.4396003,
    "encode_cpu_ms_p99": 11.51240214,
    "decode_cpu_ms_p50": 6.4687705,
    "decode_cpu_ms_p95": 7.4810606,
    "decode_cpu_ms_p99": 7.96215361,
    "raw_sha256": "da2e1490b46a4d7ecb5fa2d4bc800d2a8d26772181974a7ea0681b8bd092742b",
    "n_runs": 30
  },
  "vendor-a9b8c7e.js": {
    "raw_bytes": 261255,
    "wire_bytes": 261255,
    "wire_bytes_p95": 261255,
    "encode_cpu_ms_p50": 6.852271,
    "encode_cpu_ms_p95": 9.341466,
    "encode_cpu_ms_p99": 10.17850153,
    "decode_cpu_ms_p50": 7.4536045,
    "decode_cpu_ms_p95": 9.3146352,
    "decode_cpu_ms_p99": 9.46969921,
    "raw_sha256": "7a4248cc26ddb8c5e766d9654371ae8ca701bac211b3a60dc906054e6c2122ac",
    "n_runs": 30
  }
}