{
  "app.js": {
    "raw_bytes": 84041,
    "wire_bytes": 84041,
    "wire_bytes_p95": 84041,
    "encode_cpu_ms_p50": 6.129479,
    "encode_cpu_ms_p95": 7.430006400000001,
    "encode_cpu_ms_p99": 8.35426,
    "decode_cpu_ms_p50": 5.379104,
    "decode_cpu_ms_p95": 6.2176788,
    "decode_cpu_ms_p99": 6.43497778,
    "raw_sha256": "ce0a5bc2d08e2640aeefee7dd764f76439b486024ed640e9dea4d1ef4af16cc5",
    "n_runs": 30
  },
  "main.css": {
    "raw_bytes": 31749,
    "wire_bytes": 31749,
    "wire_bytes_p95": 31749,
    "encode_cpu_ms_p50": 4.8645,
    "encode_cpu_ms_p95": 5.3461792,
    "encode_cpu_ms_p99": 5.600589680000001,
    "decode_cpu_ms_p50": 5.1298755,
    "decode_cpu_ms_p95": 6.6879378,
    "decode_cpu_ms_p99": 7.62796268,
    "raw_sha256": "525f5f26c9690b0deaf937b25cc9a6204cce774c5c583ea587619767e9accb65",
    "n_runs": 30
  },
  "vendor.js": {
    "raw_bytes": 261255,
    "wire_bytes": 261255,
    "wire_bytes_p95": 261255,
    "encode_cpu_ms_p50": 6.852271,
    "encode_cpu_ms_p95": 9.341466,
    "encode_cpu_ms_p99": 10.17850153,
    "decode_cpu_ms_p50": 7.4536045,
    "decode_cpu_ms_p95": 9.3146352,
    "decode_cpu_ms_p99": 9.46969921,
    "raw_sha256": "7a4248cc26ddb8c5e766d9654371ae8ca701bac211b3a60dc906054e6c2122ac",
    "n_runs": 30
  }
}