{
  "catalog-full.json": {
    "raw_bytes": 189168,
    "wire_bytes": 189168,
    "wire_bytes_p95": 189168,
    "encode_cpu_ms_p50": 6.782271,
    "encode_cpu_ms_p95": 10.57061075,
    "encode_cpu_ms_p99": 10.994457,
    "decode_cpu_ms_p50": 6.022833,
    "decode_cpu_ms_p95": 9.292508450000001,
    "decode_cpu_ms_p99": 10.534744250000001,
    "raw_sha256": "535077f9761da48a021a579ce4a9da4348329803215e9cbe0308732832e944d5",
    "n_runs": 30
  },
  "notifications.json": {
    "raw_bytes": 38234,
    "wire_bytes": 38234,
    "wire_bytes_p95": 38234,
    "encode_cpu_ms_p50": 5.124354,
    "encode_cpu_ms_p95": 6.01030015,
    "encode_cpu_ms_p99": 6.08490875,
    "decode_cpu_ms_p50": 5.4228545,
    "decode_cpu_ms_p95": 7.138904650000001,
    "decode_cpu_ms_p99": 7.66641986,
    "raw_sha256": "fc1fa8ccb631e32a75838bb4cd2f8745526f7dc4aebad7ac729275a9dcd5b0d9",
    "n_runs": 30
  },
  "order-history.json": {
    "raw_bytes": 42784,
    "wire_bytes": 42784,
    "wire_bytes_p95": 42784,
    "encode_cpu_ms_p50": 4.290084,
    "encode_cpu_ms_p95": 5.1348439,
    "encode_cpu_ms_p99": 6.071501610000001,
    "decode_cpu_ms_p50": 4.774125,
    "decode_cpu_ms_p95": 5.3088269,
    "decode_cpu_ms_p99": 5.4529017500000005,
    "raw_sha256": "21873f917a7d41e1429c846108c0775e79c120d5f127def9274ca548694a8e62",
    "n_runs": 30
  },
  "products-list-v2.json": {
    "raw_bytes": 139497,
    "wire_bytes": 139497,
    "wire_bytes_p95": 139497,
    "encode_cpu_ms_p50": 6.375583,
    "encode_cpu_ms_p95": 10.52825365,
    "encode_cpu_ms_p99": 12.952772250000002,
    "decode_cpu_ms_p50": 8.9118955,
    "decode_cpu_ms_p95": 13.539478950000003,
    "decode_cpu_ms_p99": 22.699556890000007,
    "raw_sha256": "b8922dceb67579e4c7171fce868a4dc5a7c8251c6fc292ea925ebb132b648f53",
    "n_runs": 30
  },
  "products-list.json": {
    "raw_bytes": 126767,
    "wire_bytes": 126767,
    "wire_bytes_p95": 126767,
    "encode_cpu_ms_p50": 5.9336875,
    "encode_cpu_ms_p95": 7.356914700000001,
    "encode_cpu_ms_p99": 8.38504532,
    "decode_cpu_ms_p50": 5.418062,
    "decode_cpu_ms_p95": 6.2894765999999995,
    "decode_cpu_ms_p99": 6.41023889,
    "raw_sha256": "396fdb32e673254abadd28e714d1e5dffbefa9d20558af5c0895b94505c92c0d",
    "n_runs": 30
  },
  "search-results-v2.json": {
    "raw_bytes": 31626,
    "wire_bytes": 31626,
    "wire_bytes_p95": 31626,
    "encode_cpu_ms_p50": 4.946292,
    "encode_cpu_ms_p95": 7.0519770500000005,
    "encode_cpu_ms_p99": 7.68068532,
    "decode_cpu_ms_p50": 4.471354,
    "decode_cpu_ms_p95": 5.4453292,
    "decode_cpu_ms_p99": 5.72962218,
    "raw_sha256": "c31ee92437a6ba7a50451b530b1376ac9fe5cbe2eae8f3d69787d3bff017e515",
    "n_runs": 30
  },
  "search-results.json": {
    "raw_bytes": 31169,
    "wire_bytes": 31169,
    "wire_bytes_p95": 31169,
    "encode_cpu_ms_p50": 5.277688,
    "encode_cpu_ms_p95": 13.0598372,
    "encode_cpu_ms_p99": 14.117249820000001,
    "decode_cpu_ms_p50": 6.233771,
    "decode_cpu_ms_p95": 9.38334535,
    "decode_cpu_ms_p99": 10.59683157,
    "raw_sha256": "4d54944e9e4ed716e95edb05f478f0a18991f240415f003abfb86a4aec1641af",
    "n_runs": 30
  }
}